input_id,link,title,category,address,open_hours,popular_times,website,phone,plus_code,review_count,review_rating,reviews_per_rating,latitude,longitude,cid,status,descriptions,reviews_link,thumbnail,timezone,price_range,data_id,images,reservations,order_online,menu,owner,complete_address,about,user_reviews,user_reviews_extended,emails
3j4TacHeBPO20-kP3fTG-AQ,,Wok Fusion,,"43 Hill St, St Helier, Jersey JE2 4UA, Jersey",{},null,,+441534626911,8CXV5VMW+FJ,99,4.500000,null,49.183637,-2.103424,,,,,,Europe/Jersey,,0x480c4d5f5dc5e787:0xee0b29fe24528cc6,null,null,null,"{""link"":"""",""source"":""""}","{""id"":"""",""name"":"""",""link"":""""}","{""borough"":"""",""street"":"""",""city"":"""",""postal_code"":"""",""state"":"""",""country"":""""}",null,null,null,
3j4TacHeBPO20-kP3fTG-AQ,,Little Thai,,"35 Hill St, St Helier, Jersey JE2 4UA, Jersey",{},null,https://www.facebook.com/littlethaijsy/,+441534608808,8CXV5VMW+FC,285,4.100000,null,49.183716,-2.103922,,,,,,Europe/Jersey,,0x480c4d5f5dce3889:0x1016f9ddc4f25fcd,null,null,null,"{""link"":"""",""source"":""""}","{""id"":"""",""name"":"""",""link"":""""}","{""borough"":"""",""street"":"""",""city"":"""",""postal_code"":"""",""state"":"""",""country"":""""}",null,null,null,
3j4Tae_HKfun2roPm9iX0Qk,,The Light House Beach Cafe Thai,,"La Mare Slipway, Jersey",{},null,,+447797887947,8CXV5W98+2P,82,4.400000,null,49.167578,-2.083181,,,,,,Europe/Jersey,,0x480c4d73bbb09ad1:0x1a0ebf9498389a9b,null,null,null,"{""link"":"""",""source"":""""}","{""id"":"""",""name"":"""",""link"":""""}","{""borough"":"""",""street"":"""",""city"":"""",""postal_code"":"""",""state"":"""",""country"":""""}",null,null,null,
3j4Tae_HKfun2roPm9iX0Qk,,Victoria Pier Cafe,,"Victoria Pier, Jersey, JE2 3NB, Jersey",{},null,,+441534721782,8CXV5VGQ+6F,40,4.300000,null,49.175589,-2.111261,,,,,,Europe/Jersey,,0x480c52a095fddcfd:0xdaf6e4e5a6ac6aa1,null,null,null,"{""link"":"""",""source"":""""}","{""id"":"""",""name"":"""",""link"":""""}","{""borough"":"""",""street"":"""",""city"":"""",""postal_code"":"""",""state"":"""",""country"":""""}",null,null,null,
3j4Tae_HKfun2roPm9iX0Qk,,Albert Pier Cafe,,"St Helier, Jersey JE2 3NE, Jersey",{},null,,+441534720455,8CXV5VHP+VC,35,4.200000,null,49.179665,-2.113957,,,,,,Europe/Jersey,,0x480c4d56db7c2905:0xe1472b219062cd02,null,null,null,"{""link"":"""",""source"":""""}","{""id"":"""",""name"":"""",""link"":""""}","{""borough"":"""",""street"":"""",""city"":"""",""postal_code"":"""",""state"":"""",""country"":""""}",null,null,null,
3j4Tae_HKfun2roPm9iX0Qk,,Quayside Cafe,,"Abert Pier,, JE2 3NE, Jersey",{},null,http://www.facebook.com/QuaysideCafeJersey/,+441534720455,8CXV5VHP+VC,132,4.400000,null,49.179666,-2.113966,,,,,,Europe/Jersey,,0x480c4d56db7c5527:0xab892073512bf632,null,null,null,"{""link"":"""",""source"":""""}","{""id"":"""",""name"":"""",""link"":""""}","{""borough"":"""",""street"":"""",""city"":"""",""postal_code"":"""",""state"":"""",""country"":""""}",null,null,null,
3j4Tae_HKfun2roPm9iX0Qk,,Café Ubé,,"Elizabeth Terminal, The Shipyard, La Rte du Port Elizabeth, JE2 3NW, Jersey",{},null,https://cafeube.com/,+441534850877,8CXV5VHM+QC,2,4.000000,null,49.179392,-2.116443,,,,,,Europe/Jersey,,0x480c4d4c4520b32f:0x23e752cb542fa8db,null,null,null,"{""link"":"""",""source"":""""}","{""id"":"""",""name"":"""",""link"":""""}","{""borough"":"""",""street"":"""",""city"":"""",""postal_code"":"""",""state"":"""",""country"":""""}",null,null,null,
3j4Tae_HKfun2roPm9iX0Qk,,Lifeboat Cafe,,"Albert Pier, St Helier, JE2 3NE, Jersey",{},null,https://lifeboatcafe.je/,+441534748875,8CXV5VJP+FX,94,4.400000,null,49.181181,-2.112583,,,,,,Europe/Jersey,,0x480c4d5708319dd9:0x7dc80e27490d34c7,null,null,null,"{""link"":"""",""source"":""""}","{""id"":"""",""name"":"""",""link"":""""}","{""borough"":"""",""street"":"""",""city"":"""",""postal_code"":"""",""state"":"""",""country"":""""}",null,null,null,
3z4TabOYFODk2roPoq6o6As,,Roseville Bistro,,"86 Roseville Street, Havre Des Pas, St Helier JE2 4PL, Jersey",{},null,http://rosevillebistro.co.uk/,+441534874259,8CXV5VGX+XQ,462,4.700000,null,49.177448,-2.100603,,,,,,Europe/Jersey,,0x480c52a095fddcfd:0xba2ec3ba334f61,null,null,null,"{""link"":"""",""source"":""""}","{""id"":"""",""name"":"""",""link"":""""}","{""borough"":"""",""street"":"""",""city"":"""",""postal_code"":"""",""state"":"""",""country"":""""}",null,null,null,
3z4TabOYFODk2roPoq6o6As,,The Wave Beach Restaurant,,"Havre De Pass, Jersey (St. Helier) - Poole, JE2 4UQ, Jersey",{},null,http://www.thewavebeach.com/,+441534747474,8CXV5VGW+M6,33,4.900000,null,49.176687,-2.104413,,,,,,Europe/Jersey,,0x480c4d459bce8009:0xb64669451e9d0a81,null,null,null,"{""link"":"""",""source"":""""}","{""id"":"""",""name"":"""",""link"":""""}","{""borough"":"""",""street"":"""",""city"":"""",""postal_code"":"""",""state"":"""",""country"":""""}",null,null,null,
3z4TabOYFODk2roPoq6o6As,,Petisco Tradicional,,"Roseville St, St Helier, Jersey JE2 4PL, Jersey",{},null,,+447797919833,8CXV5VHX+8G,235,4.600000,null,49.178325,-2.101133,,,,,,Europe/Jersey,,0x480c4d5dda775625:0x68862570f238ef7,null,null,null,"{""link"":"""",""source"":""""}","{""id"":"""",""name"":"""",""link"":""""}","{""borough"":"""",""street"":"""",""city"":"""",""postal_code"":"""",""state"":"""",""country"":""""}",null,null,null,
3z4TabOYFODk2roPoq6o6As,,AHA cafe lounge & restaurant,,"Howard Davis Park, St Clement's Rd, Jersey JE2 7PX, Jersey",{},null,https://aha-lounge.co.uk/,+441534509609,8CXV5WH2+WM,163,4.700000,null,49.179834,-2.098321,,,,,,Europe/Jersey,,0x480c4d4210a35dcb:0xd44ed6f71653992d,null,null,null,"{""link"":"""",""source"":""""}","{""id"":"""",""name"":"""",""link"":""""}","{""borough"":"""",""street"":"""",""city"":"""",""postal_code"":"""",""state"":"""",""country"":""""}",null,null,null,
3z4TabOYFODk2roPoq6o6As,,Bohemia Bar & Restaurant,,"Green St, St Helier, Jersey JE2 4UH, Jersey",{},null,http://www.bohemiajersey.com/,+441534880588,8CXV5VJW+HX,363,4.500000,null,49.181442,-2.102599,,,,,,Europe/Jersey,,0x480c4d5efff3e761:0x710f76a4f431300e,null,null,null,"{""link"":"""",""source"":""""}","{""id"":"""",""name"":"""",""link"":""""}","{""borough"":"""",""street"":"""",""city"":"""",""postal_code"":"""",""state"":"""",""country"":""""}",null,null,null,
3z4TabOYFODk2roPoq6o6As,,Gradees Restaurant,,"La Colomberie Ct, St Helier, Jersey JE2 4QB, Jersey",{},null,https://www.gradees.co.uk/,+441534871985,8CXV5VJX+W8,116,4.600000,null,49.182266,-2.101666,,,,,,Europe/Jersey,,0x480c4d5f77c83f7d:0x3d1976e7bcf20832,null,null,null,"{""link"":"""",""source"":""""}","{""id"":"""",""name"":"""",""link"":""""}","{""borough"":"""",""street"":"""",""city"":"""",""postal_code"":"""",""state"":"""",""country"":""""}",null,null,null,
3z4TabOYFODk2roPoq6o6As,,Caffe Ristorante Italia,,"La Colomberie, St Helier, Jersey JE2 4QB, Jersey",{},null,http://www.cafferistoranteitalia.co.uk/,+441534734892,8CXV5VJX+XC,261,4.600000,null,49.182459,-2.101490,,,,,,Europe/Jersey,,0x480c4d5fbc9efaed:0xa868f728abdde4f6,null,null,null,"{""link"":"""",""source"":""""}","{""id"":"""",""name"":"""",""link"":""""}","{""borough"":"""",""street"":"""",""city"":"""",""postal_code"":"""",""state"":"""",""country"":""""}",null,null,null,
3z4TabOYFODk2roPoq6o6As,,Pêtchi Restaurant & Bar,,"Unit 13C, Liberty Wharf, La route de Liberation, St Helier, Jersey JE2 3NY, Jersey",{},null,http://www.petchi.je/,+441534733223,8CXV5VMR+47,63,4.800000,null,49.182818,-2.109356,,,,,,Europe/Jersey,,0x480c4d1d87cb8873:0xd03445ad1755962c,null,null,null,"{""link"":"""",""source"":""""}","{""id"":"""",""name"":"""",""link"":""""}","{""borough"":"""",""street"":"""",""city"":"""",""postal_code"":"""",""state"":"""",""country"":""""}",null,null,null,
3z4TabOYFODk2roPoq6o6As,,Samphire,,"11 Don St, St Helier, Jersey JE2 4TQ, Jersey",{},null,https://www.samphire.je/,+441534725100,8CXV5VMV+VJ,187,4.700000,null,49.184683,-2.105908,,,,,,Europe/Jersey,,0x480c52a74eb10f9d:0x2ba0b2ae02ca364e,null,null,null,"{""link"":"""",""source"":""""}","{""id"":"""",""name"":"""",""link"":""""}","{""borough"":"""",""street"":"""",""city"":"""",""postal_code"":"""",""state"":"""",""country"":""""}",null,null,null,
3z4TabOYFODk2roPoq6o6As,,La Capannina Restaurant,,"65-67 Halkett Pl, St Helier, Jersey JE2 4WG, Jersey",{},null,http://www.lacapanninajersey.com/,+441534734602,8CXV5VPW+85,155,4.700000,null,49.185802,-2.104609,,,,,,Europe/Jersey,,0x480c52a095fddcfd:0xf78cfec3ccad6d4,null,null,null,"{""link"":"""",""source"":""""}","{""id"":"""",""name"":"""",""link"":""""}","{""borough"":"""",""street"":"""",""city"":"""",""postal_code"":"""",""state"":"""",""country"":""""}",null,null,null,
3z4TabOYFODk2roPoq6o6As,,Do Porto,,"Minden St, Channel Islands, Jersey JE2 4WR, Jersey",{},null,,+441534632969,8CXV5VPW+GM,341,4.600000,null,49.186366,-2.103343,,,,,,Europe/Jersey,,0x480c52a0fce51a11:0x1515b00af1b4289f,null,null,null,"{""link"":"""",""source"":""""}","{""id"":"""",""name"":"""",""link"":""""}","{""borough"":"""",""street"":"""",""city"":"""",""postal_code"":"""",""state"":"""",""country"":""""}",null,null,null,
3z4TabOYFODk2roPoq6o6As,,Mira Restaurant (Miraflores),,"75-77 Halkett Pl, St Helier, Jersey JE2 4WH, Jersey",{},null,https://mira.je/,+441534873779,8CXV5VPW+F6,288,4.500000,null,49.186192,-2.104434,,,,,,Europe/Jersey,,0x480c52a0d1120edb:0xbc0b5763d609a53e,null,null,null,"{""link"":"""",""source"":""""}","{""id"":"""",""name"":"""",""link"":""""}","{""borough"":"""",""street"":"""",""city"":"""",""postal_code"":"""",""state"":"""",""country"":""""}",null,null,null,
3z4TabOYFODk2roPoq6o6As,,Bellagio,,"Charing Cross, St Helier, Jersey JE3 8RB, Jersey",{},null,,+447797790864,8CXV5VPR+36,243,4.600000,null,49.185141,-2.109470,,,,,,Europe/Jersey,,0x480c52a095fddcfd:0xbb213a7b280b153,null,null,null,"{""link"":"""",""source"":""""}","{""id"":"""",""name"":"""",""link"":""""}","{""borough"":"""",""street"":"""",""city"":"""",""postal_code"":"""",""state"":"""",""country"":""""}",null,null,null,
3z4TabOYFODk2roPoq6o6As,,La Taverne,,"York Street, St Helier, Jersey JE2 3RQ, Jersey",{},null,http://www.lataverne.co.uk/,+441534725190,8CXV5VPR+86,247,4.600000,null,49.185776,-2.109487,,,,,,Europe/Jersey,,0x480c52a095fddcfd:0x805a45f18fefe6e0,null,null,null,"{""link"":"""",""source"":""""}","{""id"":"""",""name"":"""",""link"":""""}","{""borough"":"""",""street"":"""",""city"":"""",""postal_code"":"""",""state"":"""",""country"":""""}",null,null,null,
3z4TabOYFODk2roPoq6o6As,,Aromas Restaurant,,"44 Kensington Pl, St Helier, Jersey JE2 3PA, Jersey",{},null,http://aromasrestaurant.weebly.com/,+441534617824,8CXV5VQP+37,259,4.900000,null,49.187659,-2.114372,,,,,,Europe/Jersey,,0x480c52a095fddcfd:0xbb06db1fbbe90d6c,null,null,null,"{""link"":"""",""source"":""""}","{""id"":"""",""name"":"""",""link"":""""}","{""borough"":"""",""street"":"""",""city"":"""",""postal_code"":"""",""state"":"""",""country"":""""}",null,null,null,
3z4TabOYFODk2roPoq6o6As,,Kyoto Restobar,,"2 Elizabeth Pl, St Helier, Jersey JE2 3PN, Jersey",{},null,http://www.kyotorestobar.je/,+441534737996,8CXV5VQQ+G6,151,4.800000,null,49.188811,-2.111994,,,,,,Europe/Jersey,,0x480c53c1cb904c09:0x79833c119ad67f85,null,null,null,"{""link"":"""",""source"":""""}","{""id"":"""",""name"":"""",""link"":""""}","{""borough"":"""",""street"":"""",""city"":"""",""postal_code"":"""",""state"":"""",""country"":""""}",null,null,null,
3z4TabOYFODk2roPoq6o6As,,The Lookout Beach Cafe & Restaurant,,"The Lookout Beach Cafe, Victoria Ave, First Tower, Jersey JE2 3LU, Jersey",{},null,http://www.thelookoutjersey.com/,+441534616886,8CXV5VVC+HH,582,4.500000,null,49.193887,-2.128597,,,,,,Europe/Jersey,,0x480dad4dfe283e77:0x63144b95f56722fa,null,null,null,"{""link"":"""",""source"":""""}","{""id"":"""",""name"":"""",""link"":""""}","{""borough"":"""",""street"":"""",""city"":"""",""postal_code"":"""",""state"":"""",""country"":""""}",null,null,null,
3z4TabOYFODk2roPoq6o6As,,Tides Restaurant & Voyager Lounge Bar,,"Somerville Hotel, Mont du Boulevard, St Aubin, Jersey JE3 8AD, Jersey",{},null,https://www.somervillejersey.com/food-and-drink/,+441534741226,8CXV5RPH+6V,163,4.600000,null,49.185560,-2.170341,,,,,,Europe/Jersey,,0x480dad804e175861:0xc0ed8b29b9bbda49,null,null,null,"{""link"":"""",""source"":""""}","{""id"":"""",""name"":"""",""link"":""""}","{""borough"":"""",""street"":"""",""city"":"""",""postal_code"":"""",""state"":"""",""country"":""""}",null,null,null,
3z4TabOYFODk2roPoq6o6As,,The Boat House,,"1 North Quay, St Aubin, JE3 8BS, Jersey",{},null,https://www.randalls-jersey.co.uk/the-boat-house/,+441534744226,8CXV5RQJ+28,879,4.200000,null,49.187605,-2.169145,,,,,,Europe/Jersey,,0x480dad82651bb2c3:0x672159cc83aecf80,null,null,null,"{""link"":"""",""source"":""""}","{""id"":"""",""name"":"""",""link"":""""}","{""borough"":"""",""street"":"""",""city"":"""",""postal_code"":"""",""state"":"""",""country"":""""}",null,null,null,
3z4TabOYFODk2roPoq6o6As,,UNO Café & Restaurant,,"Norton House, A1, St Aubin, JE3 8BZ, Jersey",{},null,http://www.uno.je/,+441534747963,8CXV5RQH+4R,162,4.500000,null,49.187859,-2.170394,,,,,,Europe/Jersey,,0x480dadf881d7f2db:0x763223a744c6a1a1,null,null,null,"{""link"":"""",""source"":""""}","{""id"":"""",""name"":"""",""link"":""""}","{""borough"":"""",""street"":"""",""city"":"""",""postal_code"":"""",""state"":"""",""country"":""""}",null,null,null,
3z4Tad6nOc7G0-kPk9mFgAs,,The Seymour Pub & Restaurant,,"La, Rue du Puits Mahaut, JE3 9BU, Jersey",{},null,https://www.liberationgroup.com/the-seymour/,+441534630913,8CXV5X99+RW,340,4.400000,null,49.169568,-2.030210,,,,,,Europe/Jersey,,0x480c4de181cde729:0x3fa5fdd87b862a0,null,null,null,"{""link"":"""",""source"":""""}","{""id"":"""",""name"":"""",""link"":""""}","{""borough"":"""",""street"":"""",""city"":"""",""postal_code"":"""",""state"":"""",""country"":""""}",null,null,null,
3z4Tad6nOc7G0-kPk9mFgAs,,Le Hocq Inn,,"La Gd Rte de la Côte, St Clement, Jersey JE2 6EP, Jersey",{},null,http://www.liberationgroup.com/pubs/le-hocq-inn,+441534854924,8CXV5W8Q+XC,672,4.500000,null,49.167388,-2.061476,,,,,,Europe/Jersey,,0x480c4d977074f07d:0xe9230eb30848b33e,null,null,null,"{""link"":"""",""source"":""""}","{""id"":"""",""name"":"""",""link"":""""}","{""borough"":"""",""street"":"""",""city"":"""",""postal_code"":"""",""state"":"""",""country"":""""}",null,null,null,
3z4Tad6nOc7G0-kPk9mFgAs,,White Horse Pub & Dining,,"The Dicq, St. Saviour, JE2 7PD, Jersey",{},null,http://www.liberationgroup.com/pubs/white-horse-beach-bar--and--eatery,+441534730423,8CXV5WG2+RX,821,4.300000,null,49.177000,-2.097542,,,,,,Europe/Jersey,,0x480c4d6701793467:0x39e34f48526db580,null,null,null,"{""link"":"""",""source"":""""}","{""id"":"""",""name"":"""",""link"":""""}","{""borough"":"""",""street"":"""",""city"":"""",""postal_code"":"""",""state"":"""",""country"":""""}",null,null,null,
3z4Tad6nOc7G0-kPk9mFgAs,,Petisco Tradicional,,"Roseville St, St Helier, Jersey JE2 4PL, Jersey",{},null,,+447797919833,8CXV5VHX+8G,235,4.600000,null,49.178325,-2.101133,,,,,,Europe/Jersey,,0x480c4d5dda775625:0x68862570f238ef7,null,null,null,"{""link"":"""",""source"":""""}","{""id"":"""",""name"":"""",""link"":""""}","{""borough"":"""",""street"":"""",""city"":"""",""postal_code"":"""",""state"":"""",""country"":""""}",null,null,null,
3z4Tad6nOc7G0-kPk9mFgAs,,Park House Thai Chinese Restaurant,,"1 Colomberie, Parade, La Colomberie, JE2 4QA, Jersey",{},null,,+441534874196,8CXV5WJ2+M4,245,4.600000,null,49.181667,-2.099722,,,,,,Europe/Jersey,,0x480c52a095fddcfd:0x1f87e1c67b925589,null,null,null,"{""link"":"""",""source"":""""}","{""id"":"""",""name"":"""",""link"":""""}","{""borough"":"""",""street"":"""",""city"":"""",""postal_code"":"""",""state"":"""",""country"":""""}",null,null,null,
3z4Tad6nOc7G0-kPk9mFgAs,,Bohemia Bar & Restaurant,,"Green St, St Helier, Jersey JE2 4UH, Jersey",{},null,http://www.bohemiajersey.com/,+441534880588,8CXV5VJW+HX,363,4.500000,null,49.181442,-2.102599,,,,,,Europe/Jersey,,0x480c4d5efff3e761:0x710f76a4f431300e,null,null,null,"{""link"":"""",""source"":""""}","{""id"":"""",""name"":"""",""link"":""""}","{""borough"":"""",""street"":"""",""city"":"""",""postal_code"":"""",""state"":"""",""country"":""""}",null,null,null,
3z4Tad6nOc7G0-kPk9mFgAs,,Gradees Restaurant,,"La Colomberie Ct, St Helier, Jersey JE2 4QB, Jersey",{},null,https://www.gradees.co.uk/,+441534871985,8CXV5VJX+W8,116,4.600000,null,49.182266,-2.101666,,,,,,Europe/Jersey,,0x480c4d5f77c83f7d:0x3d1976e7bcf20832,null,null,null,"{""link"":"""",""source"":""""}","{""id"":"""",""name"":"""",""link"":""""}","{""borough"":"""",""street"":"""",""city"":"""",""postal_code"":"""",""state"":"""",""country"":""""}",null,null,null,
3z4Tad6nOc7G0-kPk9mFgAs,,The Admiral Tavern - Randalls Pubs,,"12 St James St, Channel Islands, Jersey JE2 3QZ, Jersey",{},null,https://www.randalls-jersey.co.uk/the-admiral-tavern/,+441534730095,8CXV5VMX+4V,183,4.400000,null,49.182869,-2.100353,,,,,,Europe/Jersey,,0x480c4d5fecd8dabb:0x84b551072760095c,null,null,null,"{""link"":"""",""source"":""""}","{""id"":"""",""name"":"""",""link"":""""}","{""borough"":"""",""street"":"""",""city"":"""",""postal_code"":"""",""state"":"""",""country"":""""}",null,null,null,
3z4Tad6nOc7G0-kPk9mFgAs,,Botana,,"Caledonia Pl, St Helier, Jersey JE2 3QA, Jersey",{},null,http://www.botana.je/,+441534510123,8CXV5VJR+QR,135,4.800000,null,49.181924,-2.107929,,,,,,Europe/Jersey,,0x480c4d998ffc85d1:0x4cf38b141588be46,null,null,null,"{""link"":"""",""source"":""""}","{""id"":"""",""name"":"""",""link"":""""}","{""borough"":"""",""street"":"""",""city"":"""",""postal_code"":"""",""state"":"""",""country"":""""}",null,null,null,
3z4Tad6nOc7G0-kPk9mFgAs,,La Hacienda,,"8 Caledonia Pl, St Helier, Jersey JE1 4HF, Jersey",{},null,http://www.randalls-jersey.co.uk/la-hacienda/,+441534735914,8CXV5VJR+RV,411,4.400000,null,49.182119,-2.107813,,,,,,Europe/Jersey,,0x480c4d58f7ba6455:0x3a9405d93ebae958,null,null,null,"{""link"":"""",""source"":""""}","{""id"":"""",""name"":"""",""link"":""""}","{""borough"":"""",""street"":"""",""city"":"""",""postal_code"":"""",""state"":"""",""country"":""""}",null,null,null,
3z4Tad6nOc7G0-kPk9mFgAs,,Arepera La Tricolor,,"La Motte Street, St Helier, Jersey JE2 3NY, Jersey",{},null,,+447797840596,8CXV5VMW+CX,23,4.800000,null,49.183609,-2.102611,,,,,,Europe/Jersey,,0x480c4d1d72b47de9:0x8ef9cbb9288ef23d,null,null,null,"{""link"":"""",""source"":""""}","{""id"":"""",""name"":"""",""link"":""""}","{""borough"":"""",""street"":"""",""city"":"""",""postal_code"":"""",""state"":"""",""country"":""""}",null,null,null,
3z4Tad6nOc7G0-kPk9mFgAs,,La Bastille Bar & Brasserie,,"35 Queen St, St Helier, Jersey JE2 4WD, Jersey",{},null,http://www.labastille.bar/,+441534874059,8CXV5VMW+FQ,336,4.600000,null,49.183743,-2.103045,,,,,,Europe/Jersey,,0x480c4d5f5fffcb3b:0x70c8e96b1c00b768,null,null,null,"{""link"":"""",""source"":""""}","{""id"":"""",""name"":"""",""link"":""""}","{""borough"":"""",""street"":"""",""city"":"""",""postal_code"":"""",""state"":"""",""country"":""""}",null,null,null,
3z4Tad6nOc7G0-kPk9mFgAs,,The Square,,"14-16 Weighbridge Pl, St Helier, Jersey JE2 3NF, Jersey",{},null,https://www.liberationgroup.com/the-square/,+441534858220,8CXV5VMR+4M,1065,4.300000,null,49.182784,-2.108357,,,,,,Europe/Jersey,,0x480c4d586124bad3:0x1aedb569e5343531,null,null,null,"{""link"":"""",""source"":""""}","{""id"":"""",""name"":"""",""link"":""""}","{""borough"":"""",""street"":"""",""city"":"""",""postal_code"":"""",""state"":"""",""country"":""""}",null,null,null,
3z4Tad6nOc7G0-kPk9mFgAs,,The Cock & Bottle,,"Royal Square, St Helier, Jersey JE2 4WA, Jersey",{},null,https://www.liberationgroup.com/pubs/the-cock-bottle/,+441534722184,8CXV5VMV+HX,1174,4.200000,null,49.183888,-2.105058,,,,,,Europe/Jersey,,0x480c4d58aaaf0559:0x3810186834f12fb2,null,null,null,"{""link"":"""",""source"":""""}","{""id"":"""",""name"":"""",""link"":""""}","{""borough"":"""",""street"":"""",""city"":"""",""postal_code"":"""",""state"":"""",""country"":""""}",null,null,null,
3z4Tad6nOc7G0-kPk9mFgAs,,The Rigatoni Jersey,,"The Rigatoni, Liberty Wharf, St Helier, JE2 3NY, Jersey",{},null,https://therigatonijersey.com/,+441534722271,8CXV5VMR+58,207,4.400000,null,49.182923,-2.109221,,,,,,Europe/Jersey,,0x480c4d9bf80b0a9d:0xbe159165fd4d714b,null,null,null,"{""link"":"""",""source"":""""}","{""id"":"""",""name"":"""",""link"":""""}","{""borough"":"""",""street"":"""",""city"":"""",""postal_code"":"""",""state"":"""",""country"":""""}",null,null,null,
3z4Tad6nOc7G0-kPk9mFgAs,,Izakaya,,"Liberty Wharf, St Helier, Jersey JE2 3QA, Jersey",{},null,https://www.izakaya.je/,+441534743035,8CXV5VMR+63,91,4.400000,null,49.183103,-2.109798,,,,,,Europe/Jersey,,0x480c4d006557a417:0xd66135ab8df06b2a,null,null,null,"{""link"":"""",""source"":""""}","{""id"":"""",""name"":"""",""link"":""""}","{""borough"":"""",""street"":"""",""city"":"""",""postal_code"":"""",""state"":"""",""country"":""""}",null,null,null,
3z4Tad6nOc7G0-kPk9mFgAs,,Bond Street Social,,"10 Bond St, St Helier, Jersey JE2 3NP, Jersey",{},null,http://www.bondstreetsocial10.com/,+441534870657,8CXV5VMR+GX,44,4.900000,null,49.183770,-2.107595,,,,,,Europe/Jersey,,0x480c4ddd7265b921:0x352ab6d020cc7830,null,null,null,"{""link"":"""",""source"":""""}","{""id"":"""",""name"":"""",""link"":""""}","{""borough"":"""",""street"":"""",""city"":"""",""postal_code"":"""",""state"":"""",""country"":""""}",null,null,null,
3z4Tad6nOc7G0-kPk9mFgAs,,The Pavilion Jersey,,"La Route de la Libération, St Helier, Jersey JE2 3NY, Jersey",{},null,http://thepavilion.je/,+441534510777,8CXV5VMQ+CG,70,4.800000,null,49.183621,-2.111245,,,,,,Europe/Jersey,,0x480c4db282110599:0x791fa02ce9c5afda,null,null,null,"{""link"":"""",""source"":""""}","{""id"":"""",""name"":"""",""link"":""""}","{""borough"":"""",""street"":"""",""city"":"""",""postal_code"":"""",""state"":"""",""country"":""""}",null,null,null,
3z4Tad6nOc7G0-kPk9mFgAs,,The Portelet Inn - Randalls Pubs,,"La, Rte de Noirmont, JE3 8AJ, Jersey",{},null,https://www.randalls-jersey.co.uk/the-portelet-inn/,+441534741899,8CXV5RFG+59,921,4.400000,null,49.172894,-2.174016,,,,,,Europe/Jersey,,0x480dad87fb964a2f:0xc83196d9e6c072e6,null,null,null,"{""link"":"""",""source"":""""}","{""id"":"""",""name"":"""",""link"":""""}","{""borough"":"""",""street"":"""",""city"":"""",""postal_code"":"""",""state"":"""",""country"":""""}",null,null,null,
3z4Tad6nOc7G0-kPk9mFgAs,,Old Smugglers Inn,,"Le Mont du Ouaisne, Jersey JE3 8AW, Jersey",{},null,http://www.oldsmugglersinn.com/,+441534741510,8CXV5RG8+GH,633,4.600000,null,49.176287,-2.183523,,,,,,Europe/Jersey,,0x480db27097e7360d:0x899512b2f1074f1c,null,null,null,"{""link"":"""",""source"":""""}","{""id"":"""",""name"":"""",""link"":""""}","{""borough"":"""",""street"":"""",""city"":"""",""postal_code"":"""",""state"":"""",""country"":""""}",null,null,null,
4T4Tadm0DYqOrfcPhv32GA,,Liberation Quality Drinks Jersey,,"Longueville Rd, Jersey JE2 7SA, Jersey",{},null,https://liberationqualitydrinks.je/,+441534764044,8CXV5WJ8+RC,9,4.600000,null,49.182039,-2.083993,,,,,,Europe/Jersey,,0x480c4d7f760e5635:0x6730cfb166a42ee3,null,null,null,"{""link"":"""",""source"":""""}","{""id"":"""",""name"":"""",""link"":""""}","{""borough"":"""",""street"":"""",""city"":"""",""postal_code"":"""",""state"":"""",""country"":""""}",null,null,null,
4T4Tadm0DYqOrfcPhv32GA,,ClubAF - Alcohol Free Drinks Jersey,,,{},null,,+447797726965,8CXV5VJV+FW,0,0.000000,null,49.181126,-2.105143,,,,,,Europe/Jersey,,0x1e19ac124d26d89:0x8893065bacc0e47f,null,null,null,"{""link"":"""",""source"":""""}","{""id"":"""",""name"":"""",""link"":""""}","{""borough"":"""",""street"":"""",""city"":"""",""postal_code"":"""",""state"":"""",""country"":""""}",null,null,null,
4T4Tadm0DYqOrfcPhv32GA,,Dunell's - Town Shop,,"37 Hill St, St Helier, Jersey JE2 4UA, Jersey",{},null,http://dunells.com/,+441534736418,8CXV5VMW+FG,5,5.000000,null,49.183659,-2.103742,,,,,,Europe/Jersey,,0x480c4d5f60bb300f:0x91fc8224e028d2f7,null,null,null,"{""link"":"""",""source"":""""}","{""id"":"""",""name"":"""",""link"":""""}","{""borough"":"""",""street"":"""",""city"":"""",""postal_code"":"""",""state"":"""",""country"":""""}",null,null,null,
4T4TaarSI-nf2roPgYaHoQ4,,Prince's Bar,,"Havre des Pas, St Helier, Jersey JE2 4UQ, Jersey",{},null,,+441534565222,8CXV5VGW+QM,104,4.300000,null,49.176925,-2.103330,,,,,,Europe/Jersey,,0x480c4d5c67ea1135:0xebadea159a570098,null,null,null,"{""link"":"""",""source"":""""}","{""id"":"""",""name"":"""",""link"":""""}","{""borough"":"""",""street"":"""",""city"":"""",""postal_code"":"""",""state"":"""",""country"":""""}",null,null,null,
4T4TaarSI-nf2roPgYaHoQ4,,Bohemia Bar & Restaurant,,"Green St, St Helier, Jersey JE2 4UH, Jersey",{},null,http://www.bohemiajersey.com/,+441534880588,8CXV5VJW+HX,363,4.500000,null,49.181442,-2.102599,,,,,,Europe/Jersey,,0x480c4d5efff3e761:0x710f76a4f431300e,null,null,null,"{""link"":"""",""source"":""""}","{""id"":"""",""name"":"""",""link"":""""}","{""borough"":"""",""street"":"""",""city"":"""",""postal_code"":"""",""state"":"""",""country"":""""}",null,null,null,
4T4TaarSI-nf2roPgYaHoQ4,,The Bacchus Bar- Randalls Pubs,,"La Motte Street, St Helier, Jersey JE2 4SY, Jersey",{},null,,+441534767524,8CXV5VMX+FV,138,4.200000,null,49.183714,-2.100312,,,,,,Europe/Jersey,,0x480c528b530aa7f5:0x17c34a21c727f67b,null,null,null,"{""link"":"""",""source"":""""}","{""id"":"""",""name"":"""",""link"":""""}","{""borough"":"""",""street"":"""",""city"":"""",""postal_code"":"""",""state"":"""",""country"":""""}",null,null,null,
4T4TaarSI-nf2roPgYaHoQ4,,La Bastille Bar & Brasserie,,"35 Queen St, St Helier, Jersey JE2 4WD, Jersey",{},null,http://www.labastille.bar/,+441534874059,8CXV5VMW+FQ,336,4.600000,null,49.183743,-2.103045,,,,,,Europe/Jersey,,0x480c4d5f5fffcb3b:0x70c8e96b1c00b768,null,null,null,"{""link"":"""",""source"":""""}","{""id"":"""",""name"":"""",""link"":""""}","{""borough"":"""",""street"":"""",""city"":"""",""postal_code"":"""",""state"":"""",""country"":""""}",null,null,null,
4T4TaarSI-nf2roPgYaHoQ4,,Chambers Sports Bar & Nightclub,,"5 Mulcaster St, St Helier, Jersey JE2 3NJ, Jersey",{},null,https://www.randalls-jersey.co.uk/chambers/,+441534735405,8CXV5VMV+67,455,4.200000,null,49.183080,-2.106750,,,,,,Europe/Jersey,,0x480c4d588c2b4999:0xb3d95a22cbb06a0c,null,null,null,"{""link"":"""",""source"":""""}","{""id"":"""",""name"":"""",""link"":""""}","{""borough"":"""",""street"":"""",""city"":"""",""postal_code"":"""",""state"":"""",""country"":""""}",null,null,null,
4T4TaarSI-nf2roPgYaHoQ4,,The Up & Down,,"Queen St, St Helier, Jersey JE2 4WD, Jersey",{},null,https://www.facebook.com/pages/The-Up-Down-Caffe-Bar/361871360676315?ref=hl,+441534723791,8CXV5VMW+GF,161,3.900000,null,49.183847,-2.103772,,,,,,Europe/Jersey,,0x480c52a0a7a267b3:0x1d9b6355575b94ab,null,null,null,"{""link"":"""",""source"":""""}","{""id"":"""",""name"":"""",""link"":""""}","{""borough"":"""",""street"":"""",""city"":"""",""postal_code"":"""",""state"":"""",""country"":""""}",null,null,null,
4T4TaarSI-nf2roPgYaHoQ4,,The Porter's Store,,"Wharf St, St Helier, Jersey JE4 0ZX, Jersey",{},null,https://www.seymourhotels.com/pomme-dor-hotel/food-drink/the-porters-store/,+441534880110,8CXV5VMR+6Q,66,4.800000,null,49.183092,-2.108046,,,,,,Europe/Jersey,,0x480c4dada608e757:0xddbd0162fbea56d9,null,null,null,"{""link"":"""",""source"":""""}","{""id"":"""",""name"":"""",""link"":""""}","{""borough"":"""",""street"":"""",""city"":"""",""postal_code"":"""",""state"":"""",""country"":""""}",null,null,null,
4T4TaarSI-nf2roPgYaHoQ4,,The Office Bar,,"11 Hope St, St Helier, Jersey JE2 3NS, Jersey",{},null,,+441534723687,8CXV5VMR+7R,207,4.100000,null,49.183139,-2.107934,,,,,,Europe/Jersey,,0x480c4d58827a3063:0x72ff714bbaf0278c,null,null,null,"{""link"":"""",""source"":""""}","{""id"":"""",""name"":"""",""link"":""""}","{""borough"":"""",""street"":"""",""city"":"""",""postal_code"":"""",""state"":"""",""country"":""""}",null,null,null,
4T4TaarSI-nf2roPgYaHoQ4,,The Kings Bar,,"14 Bond St, St Helier, Jersey JE2 3NP, Jersey",{},null,http://www.facebook.com/thekingsbarjersey/,+441534859404,8CXV5VMV+G2,81,4.700000,null,49.183836,-2.107410,,,,,,Europe/Jersey,,0x480c4d5882922255:0x78f0b3b65acd2f10,null,null,null,"{""link"":"""",""source"":""""}","{""id"":"""",""name"":"""",""link"":""""}","{""borough"":"""",""street"":"""",""city"":"""",""postal_code"":"""",""state"":"""",""country"":""""}",null,null,null,
4T4TaarSI-nf2roPgYaHoQ4,,Blue Note Bar,,"20 Broad St, St Helier, Jersey JE2 3RR, Jersey",{},null,,+441534733793,8CXV5VMR+RQ,500,4.300000,null,49.184514,-2.108068,,,,,,Europe/Jersey,,0x480c52a095fddcfd:0x6123ac6a5f1c76c9,null,null,null,"{""link"":"""",""source"":""""}","{""id"":"""",""name"":"""",""link"":""""}","{""borough"":"""",""street"":"""",""city"":"""",""postal_code"":"""",""state"":"""",""country"":""""}",null,null,null,
4T4TaarSI-nf2roPgYaHoQ4,,St James,,"5 Rue de Funchal, St Helier, Jersey JE2 4TT, Jersey",{},null,https://www.facebook.com/StJamesSportsBar/,+441534729000,8CXV5VPW+GG,147,3.800000,null,49.186278,-2.103689,,,,,,Europe/Jersey,,0x480c52a0e1882479:0xad5753475f7a11d4,null,null,null,"{""link"":"""",""source"":""""}","{""id"":"""",""name"":"""",""link"":""""}","{""borough"":"""",""street"":"""",""city"":"""",""postal_code"":"""",""state"":"""",""country"":""""}",null,null,null,
4T4TaarSI-nf2roPgYaHoQ4,,The Daily Globe Wine Bar & Eaterie,,"93 Bath St, St Helier, Jersey JE2 4ST, Jersey",{},null,https://www.thedailyglobejersey.com/,+441534875472,8CXV5VPX+Q4,116,4.400000,null,49.186993,-2.102149,,,,,,Europe/Jersey,,0x480c52a088b3df99:0x36099ad1ef354a73,null,null,null,"{""link"":"""",""source"":""""}","{""id"":"""",""name"":"""",""link"":""""}","{""borough"":"""",""street"":"""",""city"":"""",""postal_code"":"""",""state"":"""",""country"":""""}",null,null,null,
4T4TaarSI-nf2roPgYaHoQ4,,Pablo’s Wine & Beer Bar,,"Horizon South, St Helier, Jersey JE2 3ER, Jersey",{},null,,+441534744825,8CXV5VMM+GX,17,5.000000,null,49.183843,-2.115063,,,,,,Europe/Jersey,,0x480c4d003ed71623:0x41055acf98b601d3,null,null,null,"{""link"":"""",""source"":""""}","{""id"":"""",""name"":"""",""link"":""""}","{""borough"":"""",""street"":"""",""city"":"""",""postal_code"":"""",""state"":"""",""country"":""""}",null,null,null,
4T4TaarSI-nf2roPgYaHoQ4,,So Bar - Randalls Pubs,,"36 the, Esplanade, St Helier, JE2 3QA, Jersey",{},null,https://www.randalls-jersey.co.uk/so-bar/,+441534767447,8CXV5VMQ+W7,130,4.300000,null,49.184837,-2.111868,,,,,,Europe/Jersey,,0x480c52a840ece0f5:0x9c3e7de8a7901ab2,null,null,null,"{""link"":"""",""source"":""""}","{""id"":"""",""name"":"""",""link"":""""}","{""borough"":"""",""street"":"""",""city"":"""",""postal_code"":"""",""state"":"""",""country"":""""}",null,null,null,
4T4TaarSI-nf2roPgYaHoQ4,,Britannia Bar,,"Albert St, St Helier, Jersey JE2 3YJ, Jersey",{},null,,+441534767671,8CXV5VRV+47,33,4.300000,null,49.190349,-2.106800,,,,,,Europe/Jersey,,0x480c52a46cde0d09:0xb8562497189fa0b2,null,null,null,"{""link"":"""",""source"":""""}","{""id"":"""",""name"":"""",""link"":""""}","{""borough"":"""",""street"":"""",""city"":"""",""postal_code"":"""",""state"":"""",""country"":""""}",null,null,null,
4T4TaarSI-nf2roPgYaHoQ4,,Tides Restaurant & Voyager Lounge Bar,,"Somerville Hotel, Mont du Boulevard, St Aubin, Jersey JE3 8AD, Jersey",{},null,https://www.somervillejersey.com/food-and-drink/,+441534741226,8CXV5RPH+6V,163,4.600000,null,49.185560,-2.170341,,,,,,Europe/Jersey,,0x480dad804e175861:0xc0ed8b29b9bbda49,null,null,null,"{""link"":"""",""source"":""""}","{""id"":"""",""name"":"""",""link"":""""}","{""borough"":"""",""street"":"""",""city"":"""",""postal_code"":"""",""state"":"""",""country"":""""}",null,null,null,
4T4TaarSI-nf2roPgYaHoQ4,,The Boat House,,"1 North Quay, St Aubin, JE3 8BS, Jersey",{},null,https://www.randalls-jersey.co.uk/the-boat-house/,+441534744226,8CXV5RQJ+28,879,4.200000,null,49.187605,-2.169145,,,,,,Europe/Jersey,,0x480dad82651bb2c3:0x672159cc83aecf80,null,null,null,"{""link"":"""",""source"":""""}","{""id"":"""",""name"":"""",""link"":""""}","{""borough"":"""",""street"":"""",""city"":"""",""postal_code"":"""",""state"":"""",""country"":""""}",null,null,null,
4T4TaarSI-nf2roPgYaHoQ4,,St Aubins Sports Bar - Randalls Pubs,,"La Rue Du Croquet Jersey, JE3 8AA, Jersey",{},null,http://www.randalls-jersey.co.uk/pub-guide/rest-of-island/st-aubins-wine-bar/,+441534746458,8CXV5RQH+4J,29,4.200000,null,49.187811,-2.170952,,,,,,Europe/Jersey,,0x480dacde47699e41:0x3a3bf242cb6ccf76,null,null,null,"{""link"":"""",""source"":""""}","{""id"":"""",""name"":"""",""link"":""""}","{""borough"":"""",""street"":"""",""city"":"""",""postal_code"":"""",""state"":"""",""country"":""""}",null,null,null,
4T4TaarSI-nf2roPgYaHoQ4,,Miller's Bar Bistro,,"4-5 Les Quennevais Precinct, JE3 8LT, Jersey",{},null,,+441534498719,8CXV5RV2+4P,9,4.400000,null,49.192777,-2.198173,,,,,,Europe/Jersey,,0x480dad43354558af:0xfab50f1ca6440dfc,null,null,null,"{""link"":"""",""source"":""""}","{""id"":"""",""name"":"""",""link"":""""}","{""borough"":"""",""street"":"""",""city"":"""",""postal_code"":"""",""state"":"""",""country"":""""}",null,null,null,
4T4TaarSI-nf2roPgYaHoQ4,,Farmers Inn,,"La Gd Rte de Saint-Ouen, St Ouen, Jersey JE3 2HY, Jersey",{},null,,+441534485311,8CXV6QJX+Q7,161,4.500000,null,49.231991,-2.201816,,,,,,Europe/Jersey,,0x480dac27714c78a7:0xb39a96236ff150e0,null,null,null,"{""link"":"""",""source"":""""}","{""id"":"""",""name"":"""",""link"":""""}","{""borough"":"""",""street"":"""",""city"":"""",""postal_code"":"""",""state"":"""",""country"":""""}",null,null,null,
