input_id,link,title,category,address,open_hours,popular_times,website,phone,plus_code,review_count,review_rating,reviews_per_rating,latitude,longitude,cid,status,descriptions,reviews_link,thumbnail,timezone,price_range,data_id,images,reservations,order_online,menu,owner,complete_address,about,user_reviews,user_reviews_extended,emails
fEATaeK2LuiLvr0PkdC4IQ,,Chopstick,,"1, Lesana House, Main St, Ballykelly, Limavady BT49 9HS, United Kingdom",{},null,https://www.chopstickballykelly.co.uk/,+442877769072,9C7J2XVM+W9,52,4.000000,null,55.044768,-7.016592,,,,,,Europe/London,,0x486011e9b68e5f27:0x3a03a9387b90d085,null,null,null,"{""link"":"""",""source"":""""}","{""id"":"""",""name"":"""",""link"":""""}","{""borough"":"""",""street"":"""",""city"":"""",""postal_code"":"""",""state"":"""",""country"":""""}",null,null,null,
fEATaeK2LuiLvr0PkdC4IQ,,Tasty Chinese takeaway Ballykelly,,"69 Main St, Ballykelly, Limavady BT49 9JT, United Kingdom",{},null,https://www.facebook.com/profile.php?id=61560937775735,+447938828418,9C7J2XVJ+WW,10,4.400000,null,55.044803,-7.017631,,,,,,Europe/London,,0x4860110a54635d27:0x9d3ff898c3c4dded,null,null,null,"{""link"":"""",""source"":""""}","{""id"":"""",""name"":"""",""link"":""""}","{""borough"":"""",""street"":"""",""city"":"""",""postal_code"":"""",""state"":"""",""country"":""""}",null,null,null,
fEATaeK2LuiLvr0PkdC4IQ,,Bamboo Garden Express,,"167 Irish Green St, Limavady, BT49 9AR, United Kingdom",{},null,,+442877762098,9C7M23V2+QW,60,4.200000,null,55.044444,-6.947735,,,,,,Europe/London,,0x48601114ee1ff15d:0x5edbf935c2853f7a,null,null,null,"{""link"":"""",""source"":""""}","{""id"":"""",""name"":"""",""link"":""""}","{""borough"":"""",""street"":"""",""city"":"""",""postal_code"":"""",""state"":"""",""country"":""""}",null,null,null,
fEATaeK2LuiLvr0PkdC4IQ,,Riceway Chinese Takeaway,,"58 Catherine St, Limavady, BT49 9DB, United Kingdom",{},null,,+442877722492,9C7M22XW+RV,52,4.300000,null,55.049517,-6.952753,,,,,,Europe/London,,0x48601114b4d43d6f:0x9450daa22438b250,null,null,null,"{""link"":"""",""source"":""""}","{""id"":"""",""name"":"""",""link"":""""}","{""borough"":"""",""street"":"""",""city"":"""",""postal_code"":"""",""state"":"""",""country"":""""}",null,null,null,
fEATaeK2LuiLvr0PkdC4IQ,,Sunflower Chinese Take Away,,"4 Catherine St, Londonderry, Limavady, BT49 9DB, United Kingdom",{},null,https://sunflowerlimavady.com/,+442877763151,9C7M322X+5P,86,3.700000,null,55.050375,-6.950703,,,,,,Europe/London,,0x48601114d1cfb4b1:0xfbac8f3b457143ca,null,null,null,"{""link"":"""",""source"":""""}","{""id"":"""",""name"":"""",""link"":""""}","{""borough"":"""",""street"":"""",""city"":"""",""postal_code"":"""",""state"":"""",""country"":""""}",null,null,null,
fEATaeK2LuiLvr0PkdC4IQ,,Chopsticks,,"59 Main St, Ballykelly, Limavady, BT49, United Kingdom",{},null,,,9C7M322X+VJ,0,0.000000,null,55.052214,-6.950922,,,,,,Europe/London,,0x48601114f945367b:0x1519a2670d7535d2,null,null,null,"{""link"":"""",""source"":""""}","{""id"":"""",""name"":"""",""link"":""""}","{""borough"":"""",""street"":"""",""city"":"""",""postal_code"":"""",""state"":"""",""country"":""""}",null,null,null,
fEATaeK2LuiLvr0PkdC4IQ,,Uno (New Uno Limavady),,"5 Anderson Cres, Limavady, BT49 0UN, United Kingdom",{},null,https://newuno.app/,+442877729733,9C7M23W9+65,99,3.500000,null,55.045578,-6.932123,,,,,,Europe/London,,0x48601145d9027241:0xb9b809f7ef7da30d,null,null,null,"{""link"":"""",""source"":""""}","{""id"":"""",""name"":"""",""link"":""""}","{""borough"":"""",""street"":"""",""city"":"""",""postal_code"":"""",""state"":"""",""country"":""""}",null,null,null,
fEATaeK2LuiLvr0PkdC4IQ,,Junction Bar & Grill at the Depot Bar & Venue Limavady,,"88 Main St, Limavady, BT49 0ET, United Kingdom",{},null,,+442877767030,9C7M3332+99,423,4.600000,null,55.053411,-6.949037,,,,,,Europe/London,,0x48601115a2dc919f:0xf1638ea95677f480,null,null,null,"{""link"":"""",""source"":""""}","{""id"":"""",""name"":"""",""link"":""""}","{""borough"":"""",""street"":"""",""city"":"""",""postal_code"":"""",""state"":"""",""country"":""""}",null,null,null,
fEATaeK2LuiLvr0PkdC4IQ,,Happy House,,"143 Greystone Rd, Limavady, BT49 0PB, United Kingdom",{},null,https://happyhouselimavady.com/delivery,+442877767712,9C7M23XF+X4,78,4.000000,null,55.049994,-6.927141,,,,,,Europe/London,,0x486011483f53435f:0x211b96081bba24f4,null,null,null,"{""link"":"""",""source"":""""}","{""id"":"""",""name"":"""",""link"":""""}","{""borough"":"""",""street"":"""",""city"":"""",""postal_code"":"""",""state"":"""",""country"":""""}",null,null,null,
fUATacfYG9vt1e8P3Z68oQU,,Moran's Supervalu & Service Station,,"68 Main St, Ballykelly, Limavady BT49 9HS, United Kingdom",{},null,http://www.morans.com/,+442877767931,9C7J2XVJ+MG,46,3.000000,null,55.044238,-7.018711,,,,,,Europe/London,,0x486011e8485f75f9:0x5f30ca553fa08c16,null,null,null,"{""link"":"""",""source"":""""}","{""id"":"""",""name"":"""",""link"":""""}","{""borough"":"""",""street"":"""",""city"":"""",""postal_code"":"""",""state"":"""",""country"":""""}",null,null,null,
fUATacfYG9vt1e8P3Z68oQU,,Vivo Gortnaghey,,"90 Gortnahey Rd, Londonderry, BT47 4PZ, United Kingdom",{},null,,+442877741130,9C6MX24H+GR,1,5.000000,null,54.956269,-6.970408,,,,,,Europe/London,,0x4860134a07040b15:0x636eb89cf3bf2212,null,null,null,"{""link"":"""",""source"":""""}","{""id"":"""",""name"":"""",""link"":""""}","{""borough"":"""",""street"":"""",""city"":"""",""postal_code"":"""",""state"":"""",""country"":""""}",null,null,null,
fUATacfYG9vt1e8P3Z68oQU,,Costcutter,,"Ballykelly, Loughview, BT49 9PZ, United Kingdom",{},null,https://store-locator.costcutter.co.uk/costcutter-71ca2cf8559b?y_source=1_MTgxNTE1OTAtNzE1LWxvY2F0aW9uLndlYnNpdGU%3D,+442877768516,9C7J2XV5+8V,7,4.100000,null,55.043295,-7.040372,,,,,,Europe/London,,0x48600e1f4156521d:0x2d32efa29dffca2,null,null,null,"{""link"":"""",""source"":""""}","{""id"":"""",""name"":"""",""link"":""""}","{""borough"":"""",""street"":"""",""city"":"""",""postal_code"":"""",""state"":"""",""country"":""""}",null,null,null,
fUATacfYG9vt1e8P3Z68oQU,,Burnfoot Stores,,"297 Drumrane Rd, Dungiven, Londonderry BT47 4NL, United Kingdom",{},null,,+442877741658,9C6MX376+WH,51,4.800000,null,54.964801,-6.938530,,,,,,Europe/London,,0x486013108fc9e069:0xc846e0ed10a5a9be,null,null,null,"{""link"":"""",""source"":""""}","{""id"":"""",""name"":"""",""link"":""""}","{""borough"":"""",""street"":"""",""city"":"""",""postal_code"":"""",""state"":"""",""country"":""""}",null,null,null,
fUATacfYG9vt1e8P3Z68oQU,,Centra Limavady,,"19 Ballyquin Rd, Limavady, BT49 9EY, United Kingdom",{},null,,+442877722839,9C7M23P5+RV,13,3.500000,null,55.037003,-6.940276,,,,,,Europe/London,,0x48601395f3cf4101:0xfc24a8f91ea1c813,null,null,null,"{""link"":"""",""source"":""""}","{""id"":"""",""name"":"""",""link"":""""}","{""borough"":"""",""street"":"""",""city"":"""",""postal_code"":"""",""state"":"""",""country"":""""}",null,null,null,
fUATacfYG9vt1e8P3Z68oQU,,SPAR Coolessan Walk,,"68 Gorteen Cres, Limavady, BT49 9EN, United Kingdom",{},null,https://www.spar-ni.co.uk/store-locator-ni/hen60303-spar-coolessan-walk,+442877765836,9C7M23Q4+WH,14,3.100000,null,55.039775,-6.943601,,,,,,Europe/London,,0x48601167e247734b:0x258ede2c2109df1f,null,null,null,"{""link"":"""",""source"":""""}","{""id"":"""",""name"":"""",""link"":""""}","{""borough"":"""",""street"":"""",""city"":"""",""postal_code"":"""",""state"":"""",""country"":""""}",null,null,null,
fUATacfYG9vt1e8P3Z68oQU,,SPAR Irish Green Street,,"Irish Green St, Limavady, BT49 9BA, United Kingdom",{},null,https://www.spar-ni.co.uk/store-locator-ni/hen22800-spar-irish-green-street,+442877762983,9C7M23W2+5J,10,3.400000,null,55.045454,-6.948479,,,,,,Europe/London,,0x4860116a29714331:0xbce54d0025411b,null,null,null,"{""link"":"""",""source"":""""}","{""id"":"""",""name"":"""",""link"":""""}","{""borough"":"""",""street"":"""",""city"":"""",""postal_code"":"""",""state"":"""",""country"":""""}",null,null,null,
fUATacfYG9vt1e8P3Z68oQU,,Roebank Service Station,,"68-70 Catherine St, Limavady, BT49 9DB, United Kingdom",{},null,,+442877762003,9C7M22XW+J9,100,4.300000,null,55.049118,-6.954055,,,,,,Europe/London,,0x4860116b4d613b5d:0x1842e9e1c2c3db72,null,null,null,"{""link"":"""",""source"":""""}","{""id"":"""",""name"":"""",""link"":""""}","{""borough"":"""",""street"":"""",""city"":"""",""postal_code"":"""",""state"":"""",""country"":""""}",null,null,null,
fUATacfYG9vt1e8P3Z68oQU,,Off Licence,,"68-70 Catherine St, Limavady, BT49 9DB, United Kingdom",{},null,,,9C7M22XW+JF,0,0.000000,null,55.049083,-6.953778,,,,,,Europe/London,,0x486011001b84b9a1:0xef2c9e08283907d,null,null,null,"{""link"":"""",""source"":""""}","{""id"":"""",""name"":"""",""link"":""""}","{""borough"":"""",""street"":"""",""city"":"""",""postal_code"":"""",""state"":"""",""country"":""""}",null,null,null,
fUATacfYG9vt1e8P3Z68oQU,,Chapter 4 coffee,,"5 The Mall, Limavady, BT49 0FL, United Kingdom",{},null,,+442871162834,9C7M322X+7F,10,4.900000,null,55.050683,-6.951301,,,,,,Europe/London,,0x486011c40c1d7547:0x53e575535f54262b,null,null,null,"{""link"":"""",""source"":""""}","{""id"":"""",""name"":"""",""link"":""""}","{""borough"":"""",""street"":"""",""city"":"""",""postal_code"":"""",""state"":"""",""country"":""""}",null,null,null,
fUATacfYG9vt1e8P3Z68oQU,,Charlie’s,,"15 Catherine St, Limavady, BT49 9DA, United Kingdom",{},null,https://charlieslimavady.com/,,9C7M322X+6M,10,3.600000,null,55.050578,-6.950830,,,,,,Europe/London,,0x48601100535c05c9:0xc2633d870ee3f4a,null,null,null,"{""link"":"""",""source"":""""}","{""id"":"""",""name"":"""",""link"":""""}","{""borough"":"""",""street"":"""",""city"":"""",""postal_code"":"""",""state"":"""",""country"":""""}",null,null,null,
fUATacfYG9vt1e8P3Z68oQU,,SuperValu Limavady,,"1-3 Market St, Limavady, BT49 0AB, United Kingdom",{},null,,+442877763338,9C7M322X+5V,242,4.100000,null,55.050464,-6.950287,,,,,,Europe/London,,0x48601114e76ab6c1:0xd72001da92d0a4d9,null,null,null,"{""link"":"""",""source"":""""}","{""id"":"""",""name"":"""",""link"":""""}","{""borough"":"""",""street"":"""",""city"":"""",""postal_code"":"""",""state"":"""",""country"":""""}",null,null,null,
fUATacfYG9vt1e8P3Z68oQU,,The Wine Company Limavady,,"3 Anderson Cres, Limavady, BT49 0TF, United Kingdom",{},null,http://www.thewinecompanyni.com/,+442877722230,9C7M23W8+6W,36,4.600000,null,55.045543,-6.932666,,,,,,Europe/London,,0x48601145e01d2e0f:0x14c5bc783143fdcc,null,null,null,"{""link"":"""",""source"":""""}","{""id"":"""",""name"":"""",""link"":""""}","{""borough"":"""",""street"":"""",""city"":"""",""postal_code"":"""",""state"":"""",""country"":""""}",null,null,null,
fUATacfYG9vt1e8P3Z68oQU,,SPAR Limavady,,"1-2 Anderson Park, Limavady, BT49 0TF, United Kingdom",{},null,https://www.spar-ni.co.uk/store-locator-ni/hen82474-spar-anderson-park,+442877769330,9C7M23W8+7W,16,4.600000,null,55.045641,-6.932708,,,,,,Europe/London,,0x486011467506209f:0x5db8b1eb8f547afe,null,null,null,"{""link"":"""",""source"":""""}","{""id"":"""",""name"":"""",""link"":""""}","{""borough"":"""",""street"":"""",""city"":"""",""postal_code"":"""",""state"":"""",""country"":""""}",null,null,null,
fUATacfYG9vt1e8P3Z68oQU,,Tesco Superstore,,"Main St, Limavady, BT49 0ET, United Kingdom",{},null,https://www.tesco.com/store-locator/limavady/main-street?sc_cmp=ref*yg*stc*5183&utm_source=yext_google&utm_campaign=local_Superstore_NI&utm_medium=organic,+443456779424,9C7M3322+XP,121,4.100000,null,55.052391,-6.948154,,,,,,Europe/London,,0x48601114f963eb91:0x87916818893c89e9,null,null,null,"{""link"":"""",""source"":""""}","{""id"":"""",""name"":"""",""link"":""""}","{""borough"":"""",""street"":"""",""city"":"""",""postal_code"":"""",""state"":"""",""country"":""""}",null,null,null,
fUATacfYG9vt1e8P3Z68oQU,,SPAR Limavady,,"6 Ballyclose St, Limavady, BT49 0BN, United Kingdom",{},null,https://www.spar-ni.co.uk/store-locator-ni/hen91779-spar-limavady,+442877722064,9C7M3332+MX,7,3.900000,null,55.054137,-6.947509,,,,,,Europe/London,,0x4860113e26c41449:0xa0cdd136d4706f5e,null,null,null,"{""link"":"""",""source"":""""}","{""id"":"""",""name"":"""",""link"":""""}","{""borough"":"""",""street"":"""",""city"":"""",""postal_code"":"""",""state"":"""",""country"":""""}",null,null,null,
fUATacfYG9vt1e8P3Z68oQU,,Greenbank Service Station,,"143 Greystone Rd, Limavady, BT49 0PB, United Kingdom",{},null,,+442877765047,9C7M332F+34,50,4.500000,null,55.050188,-6.927209,,,,,,Europe/London,,0x486011467e6efcc1:0xe5457535dcb9df82,null,null,null,"{""link"":"""",""source"":""""}","{""id"":"""",""name"":"""",""link"":""""}","{""borough"":"""",""street"":"""",""city"":"""",""postal_code"":"""",""state"":"""",""country"":""""}",null,null,null,
fUATacfYG9vt1e8P3Z68oQU,,O'Kane's Centra Off Licence,,"804 Feeny Rd, Dungiven, Londonderry BT47 4PH, United Kingdom",{},null,,,9C6MW3G5+WV,49,4.200000,null,54.927341,-6.940255,,,,,,Europe/London,,0x48606cd9ca11b791:0x825d813ce9fa6f9,null,null,null,"{""link"":"""",""source"":""""}","{""id"":"""",""name"":"""",""link"":""""}","{""borough"":"""",""street"":"""",""city"":"""",""postal_code"":"""",""state"":"""",""country"":""""}",null,null,null,
fUATacfYG9vt1e8P3Z68oQU,,Specialist Beverages,,"Campsie Industrial Estate, McLean Rd, Campsie, Londonderry BT47 3XX, United Kingdom",{},null,http://www.specialistbeverages.com/,+442871860977,9C7J2RQ3+5R,0,0.000000,null,55.037883,-7.195416,,,,,,Europe/London,,0x48600912b4c7fe29:0x77c9ce5b1cb86e58,null,null,null,"{""link"":"""",""source"":""""}","{""id"":"""",""name"":"""",""link"":""""}","{""borough"":"""",""street"":"""",""city"":"""",""postal_code"":"""",""state"":"""",""country"":""""}",null,null,null,
fUATacfYG9vt1e8P3Z68oQU,,The Drink Company,,"14-20 Dungiven Rd, Londonderry, BT47 6BW, United Kingdom",{},null,https://thedrinkco.co.uk/9UwO,+442871277919,9C6JXMVR+F7,17,4.500000,null,54.993681,-7.309337,,,,,,Europe/London,,0x485fe177df04bae9:0x1bab4b1f93253741,null,null,null,"{""link"":"""",""source"":""""}","{""id"":"""",""name"":"""",""link"":""""}","{""borough"":"""",""street"":"""",""city"":"""",""postal_code"":"""",""state"":"""",""country"":""""}",null,null,null,
fkATacCpBdvt1e8P3Z68oQU,,Robby & Fat man services,,"27 New Line Rd, Limavady, BT49 9NF, United Kingdom",{},null,,+441692736930,9C7J2X2W+FF,1,5.000000,null,55.001166,-7.003772,,,,,,Europe/London,,0x486013ec70d50a73:0x139ee4831d93525c,null,null,null,"{""link"":"""",""source"":""""}","{""id"":"""",""name"":"""",""link"":""""}","{""borough"":"""",""street"":"""",""city"":"""",""postal_code"":"""",""state"":"""",""country"":""""}",null,null,null,
fkATacCpBdvt1e8P3Z68oQU,,The Well Bar and Grill,,"2 Plantation Rd, Ballykelly, Londonderry, Limavady BT49 9HX, United Kingdom",{},null,http://www.thewellbargrill.com/,+442877764235,9C7J2XVJ+M5,447,4.600000,null,55.044193,-7.019598,,,,,,Europe/London,,0x486011e7da59c3d7:0x3dce730c03f63159,null,null,null,"{""link"":"""",""source"":""""}","{""id"":"""",""name"":"""",""link"":""""}","{""borough"":"""",""street"":"""",""city"":"""",""postal_code"":"""",""state"":"""",""country"":""""}",null,null,null,
fkATacCpBdvt1e8P3Z68oQU,,Newton Bar Ltd,,"163 Irish Green St, Limavady, BT49 9AR, United Kingdom",{},null,,+442877764938,9C7M23V2+RQ,36,4.200000,null,55.044563,-6.948048,,,,,,Europe/London,,0x4860116a290f7b61:0xebc6f813c34aa30d,null,null,null,"{""link"":"""",""source"":""""}","{""id"":"""",""name"":"""",""link"":""""}","{""borough"":"""",""street"":"""",""city"":"""",""postal_code"":"""",""state"":"""",""country"":""""}",null,null,null,
fkATacCpBdvt1e8P3Z68oQU,,Banters Bar,,"22 Linenhall St, Limavady, BT49 0HQ, United Kingdom",{},null,,+442877291172,9C7M322W+6Q,68,4.400000,null,55.050538,-6.953008,,,,,,Europe/London,,0x48601114a50eaaff:0x77f3c25978962512,null,null,null,"{""link"":"""",""source"":""""}","{""id"":"""",""name"":"""",""link"":""""}","{""borough"":"""",""street"":"""",""city"":"""",""postal_code"":"""",""state"":"""",""country"":""""}",null,null,null,
fkATacCpBdvt1e8P3Z68oQU,,The Crown Bar,,"24 Irish Green St, Limavady, BT49 9AE, United Kingdom",{},null,,+442877722220,9C7M23X2+X3,62,4.200000,null,55.049952,-6.949830,,,,,,Europe/London,,0x48601114d55680db:0xbc3ff8dc75b4e9df,null,null,null,"{""link"":"""",""source"":""""}","{""id"":"""",""name"":"""",""link"":""""}","{""borough"":"""",""street"":"""",""city"":"""",""postal_code"":"""",""state"":"""",""country"":""""}",null,null,null,
fkATacCpBdvt1e8P3Z68oQU,,The Thatch Bar,,"14 Catherine St, Limavady, BT49 9DA, United Kingdom",{},null,https://www.facebook.com/p/The-Thatch-Bar-61553731004118/,+442877764876,9C7M322X+4M,126,4.600000,null,55.050270,-6.950797,,,,,,Europe/London,,0x48601114b4d43d6f:0xd38ffb0800fbe766,null,null,null,"{""link"":"""",""source"":""""}","{""id"":"""",""name"":"""",""link"":""""}","{""borough"":"""",""street"":"""",""city"":"""",""postal_code"":"""",""state"":"""",""country"":""""}",null,null,null,
fkATacCpBdvt1e8P3Z68oQU,,The Corner Bar,,"41 Main St, Limavady, BT49 0EP, United Kingdom",{},null,,+442877722333,9C7M322X+P9,160,4.300000,null,55.051866,-6.951615,,,,,,Europe/London,,0x486011e838a0c5d7:0x232d72d371108211,null,null,null,"{""link"":"""",""source"":""""}","{""id"":"""",""name"":"""",""link"":""""}","{""borough"":"""",""street"":"""",""city"":"""",""postal_code"":"""",""state"":"""",""country"":""""}",null,null,null,
fkATacCpBdvt1e8P3Z68oQU,,The Market Yard,,"41-43 Main St, Limavady, BT49 0EP, United Kingdom",{},null,,+442877722333,9C7M322X+Q9,63,4.400000,null,55.051933,-6.951586,,,,,,Europe/London,,0x48601114f1c9e49d:0x400635227c827233,null,null,null,"{""link"":"""",""source"":""""}","{""id"":"""",""name"":"""",""link"":""""}","{""borough"":"""",""street"":"""",""city"":"""",""postal_code"":"""",""state"":"""",""country"":""""}",null,null,null,
fkATacCpBdvt1e8P3Z68oQU,,Frank Owens’ Bar,,"Co, 50 Main Street Limavady, Londonderry BT49 0EU, United Kingdom",{},null,,+442877722328,9C7M323X+3M,317,4.800000,null,55.052632,-6.950818,,,,,,Europe/London,,0x48601114ff71de33:0x5f9b19daeedb5d21,null,null,null,"{""link"":"""",""source"":""""}","{""id"":"""",""name"":"""",""link"":""""}","{""borough"":"""",""street"":"""",""city"":"""",""postal_code"":"""",""state"":"""",""country"":""""}",null,null,null,
fkATacCpBdvt1e8P3Z68oQU,,Junction Bar & Grill at the Depot Bar & Venue Limavady,,"88 Main St, Limavady, BT49 0ET, United Kingdom",{},null,,+442877767030,9C7M3332+99,423,4.600000,null,55.053411,-6.949037,,,,,,Europe/London,,0x48601115a2dc919f:0xf1638ea95677f480,null,null,null,"{""link"":"""",""source"":""""}","{""id"":"""",""name"":"""",""link"":""""}","{""borough"":"""",""street"":"""",""city"":"""",""postal_code"":"""",""state"":"""",""country"":""""}",null,null,null,
fkATacCpBdvt1e8P3Z68oQU,,Rising Sun Bar,,"107 Killylane Rd, Londonderry, BT47 3DR, United Kingdom",{},null,,+442871810959,9C7J2VJH+Q4,30,4.700000,null,55.031948,-7.122213,,,,,,Europe/London,,0x48600ebda3026c8f:0x2c9fde571a671da0,null,null,null,"{""link"":"""",""source"":""""}","{""id"":"""",""name"":"""",""link"":""""}","{""borough"":"""",""street"":"""",""city"":"""",""postal_code"":"""",""state"":"""",""country"":""""}",null,null,null,
fkATacCpBdvt1e8P3Z68oQU,,Murphys Bar,,"104 Main St, Dungiven, Londonderry BT47 4LG, United Kingdom",{},null,,,9C6MW3GG+X5,18,4.700000,null,54.927431,-6.924604,,,,,,Europe/London,,0x48606cc5b065f1a3:0x10c320f38c10070d,null,null,null,"{""link"":"""",""source"":""""}","{""id"":"""",""name"":"""",""link"":""""}","{""borough"":"""",""street"":"""",""city"":"""",""postal_code"":"""",""state"":"""",""country"":""""}",null,null,null,
fkATacCpBdvt1e8P3Z68oQU,,The Arcade Bar,,"107 Main St, Dungiven, Derry BT47 4LE, United Kingdom",{},null,,,9C6MW3GG+MH,57,4.700000,null,54.926631,-6.923595,,,,,,Europe/London,,0x48606cc44a7c5197:0x4ccaf3287f1615ae,null,null,null,"{""link"":"""",""source"":""""}","{""id"":"""",""name"":"""",""link"":""""}","{""borough"":"""",""street"":"""",""city"":"""",""postal_code"":"""",""state"":"""",""country"":""""}",null,null,null,
fkATacCpBdvt1e8P3Z68oQU,,McReynolds Bar,,"127 Main St, Dungiven, Londonderry BT47 4LF, United Kingdom",{},null,,+442877277220,9C6MW3GH+89,94,4.700000,null,54.925798,-6.921575,,,,,,Europe/London,,0x48606cc4209160b7:0x3c7a642739d1288,null,null,null,"{""link"":"""",""source"":""""}","{""id"":"""",""name"":"""",""link"":""""}","{""borough"":"""",""street"":"""",""city"":"""",""postal_code"":"""",""state"":"""",""country"":""""}",null,null,null,
fkATacCpBdvt1e8P3Z68oQU,,Macons,,"62 Main St, Claudy, Derry, Londonderry BT47 4BH, United Kingdom",{},null,,+442871338515,9C6JWR6W+QM,35,4.700000,null,54.911953,-7.153290,,,,,,Europe/London,,0x486074c73f52ccf5:0x54b348c8c4eca2ab,null,null,null,"{""link"":"""",""source"":""""}","{""id"":"""",""name"":"""",""link"":""""}","{""borough"":"""",""street"":"""",""city"":"""",""postal_code"":"""",""state"":"""",""country"":""""}",null,null,null,
fkATacCpBdvt1e8P3Z68oQU,,"McGowans Bar, Redcastle",,"Culineen, Redcastle, Co. Donegal, Ireland",{},null,https://www.facebook.com/Redcastle-Bar-293766253112/,+353749382204,9C7J5V58+V8,30,4.900000,null,55.159664,-7.134132,,,,,,Europe/Dublin,,0x486005c85f1f150b:0x91c33a11992faf41,null,null,null,"{""link"":"""",""source"":""""}","{""id"":"""",""name"":"""",""link"":""""}","{""borough"":"""",""street"":"""",""city"":"""",""postal_code"":"""",""state"":"""",""country"":""""}",null,null,null,
fkATacCpBdvt1e8P3Z68oQU,,Susies Bar,,"Main St, Ballynally, Moville, Co. Donegal, Ireland",{},null,,+353749382040,9C7J5XQ6+P6,52,4.900000,null,55.189287,-7.039441,,,,,,Europe/Dublin,,0x48601b7afc909d4f:0xa990a024ef4f2fe6,null,null,null,"{""link"":"""",""source"":""""}","{""id"":"""",""name"":"""",""link"":""""}","{""borough"":"""",""street"":"""",""city"":"""",""postal_code"":"""",""state"":"""",""country"":""""}",null,null,null,
fkATacCpBdvt1e8P3Z68oQU,,Bishops Bar,,"132 134 Central Dr, Londonderry, BT48 9QH, United Kingdom",{},null,,+442871219090,9C6JXMV3+PG,83,4.700000,null,54.994278,-7.346161,,,,,,Europe/London,,0x485fe165e100a697:0x83f493efc547e7fc,null,null,null,"{""link"":"""",""source"":""""}","{""id"":"""",""name"":"""",""link"":""""}","{""borough"":"""",""street"":"""",""city"":"""",""postal_code"":"""",""state"":"""",""country"":""""}",null,null,null,
fkATacCpBdvt1e8P3Z68oQU,,Kearney's Bar,,"79-81 Main St, Maghera, BT46 5AB, United Kingdom",{},null,,+442879643936,9C6MR8WG+28,49,4.900000,null,54.845121,-6.674180,,,,,,Europe/London,,0x486043c9d3ad3179:0xea343027d8309a68,null,null,null,"{""link"":"""",""source"":""""}","{""id"":"""",""name"":"""",""link"":""""}","{""borough"":"""",""street"":"""",""city"":"""",""postal_code"":"""",""state"":"""",""country"":""""}",null,null,null,
fkATacCpBdvt1e8P3Z68oQU,,Richardsons Bar & Off Sales,,"9 Main St, Tobermore, Magherafelt BT45 5PN, United Kingdom",{},null,https://www.facebook.com/richardsonsbaroffsales/,+442879642425,9C6MR76V+PG,68,4.900000,null,54.811779,-6.706189,,,,,,Europe/London,,0x4860428d2bb4f3c9:0x8f73a965496f1ffc,null,null,null,"{""link"":"""",""source"":""""}","{""id"":"""",""name"":"""",""link"":""""}","{""borough"":"""",""street"":"""",""city"":"""",""postal_code"":"""",""state"":"""",""country"":""""}",null,null,null,
fkATaZbQKvLq1e8PzubM4QU,,Tommy's Fish and Chips,,"434 Main St, Ballykelly, Limavady BT49 9HS, United Kingdom",{},null,,+442877722740,9C7J2XVM+Q9,697,4.100000,null,55.044479,-7.016533,,,,,,Europe/London,,0x486011e83794babb:0x5a8099cf77993df7,null,null,null,"{""link"":"""",""source"":""""}","{""id"":"""",""name"":"""",""link"":""""}","{""borough"":"""",""street"":"""",""city"":"""",""postal_code"":"""",""state"":"""",""country"":""""}",null,null,null,
fkATaZbQKvLq1e8PzubM4QU,,The Well Bar and Grill,,"2 Plantation Rd, Ballykelly, Londonderry, Limavady BT49 9HX, United Kingdom",{},null,http://www.thewellbargrill.com/,+442877764235,9C7J2XVJ+M5,447,4.600000,null,55.044193,-7.019598,,,,,,Europe/London,,0x486011e7da59c3d7:0x3dce730c03f63159,null,null,null,"{""link"":"""",""source"":""""}","{""id"":"""",""name"":"""",""link"":""""}","{""borough"":"""",""street"":"""",""city"":"""",""postal_code"":"""",""state"":"""",""country"":""""}",null,null,null,
fkATaZbQKvLq1e8PzubM4QU,,Gareth’s Chip Shop,,"53 Main St, Ballykelly, Limavady BT49 9JT, United Kingdom",{},null,,+442877729998,9C7J2XVM+V9,1,5.000000,null,55.044727,-7.016529,,,,,,Europe/London,,0x486011236ce7deaf:0xf78cd06f2e92637c,null,null,null,"{""link"":"""",""source"":""""}","{""id"":"""",""name"":"""",""link"":""""}","{""borough"":"""",""street"":"""",""city"":"""",""postal_code"":"""",""state"":"""",""country"":""""}",null,null,null,
fkATaZbQKvLq1e8PzubM4QU,,The Coach House Brasserie,,"10 Lisnakilly Roundabout, Limavady, BT49 9FB, United Kingdom",{},null,http://www.roevalleyresort.com/dine.html,+442877722222,9C7M22QV+7R,326,4.300000,null,55.038245,-6.955457,,,,,,Europe/London,,0x4860117ba1d0b3ad:0x98ff97327132952d,null,null,null,"{""link"":"""",""source"":""""}","{""id"":"""",""name"":"""",""link"":""""}","{""borough"":"""",""street"":"""",""city"":"""",""postal_code"":"""",""state"":"""",""country"":""""}",null,null,null,
fkATaZbQKvLq1e8PzubM4QU,,The Golden Chipper,,"140a Irish Green St, Limavady, BT49 9AP, United Kingdom",{},null,,+442877763280,9C7M23W2+4Q,282,4.600000,null,55.045341,-6.948038,,,,,,Europe/London,,0x4860116a3174bf05:0xd34513c99de3bd1e,null,null,null,"{""link"":"""",""source"":""""}","{""id"":"""",""name"":"""",""link"":""""}","{""borough"":"""",""street"":"""",""city"":"""",""postal_code"":"""",""state"":"""",""country"":""""}",null,null,null,
fkATaZbQKvLq1e8PzubM4QU,,Moonlight Restaurant & Takeaway,,"Limavady, BT49 9DA, United Kingdom",{},null,https://moonlightlimavady.hasanapp.com/,+447734233388,9C7M22XW+VX,127,4.400000,null,55.049632,-6.952534,,,,,,Europe/London,,0x486011c4968d23cb:0xed5b219334c940d1,null,null,null,"{""link"":"""",""source"":""""}","{""id"":"""",""name"":"""",""link"":""""}","{""borough"":"""",""street"":"""",""city"":"""",""postal_code"":"""",""state"":"""",""country"":""""}",null,null,null,
fkATaZbQKvLq1e8PzubM4QU,,The Yellow Bird,,"Central Car Park, Limavady, BT49, United Kingdom",{},null,,+442877762020,9C7M322X+F4,429,4.600000,null,55.051226,-6.952179,,,,,,Europe/London,,0x4860111494f3e9a1:0xcc76445a3d2ab69,null,null,null,"{""link"":"""",""source"":""""}","{""id"":"""",""name"":"""",""link"":""""}","{""borough"":"""",""street"":"""",""city"":"""",""postal_code"":"""",""state"":"""",""country"":""""}",null,null,null,
fkATaZbQKvLq1e8PzubM4QU,,Antoinette's Cafe,,"17 Market St, Limavady, BT49 0AB, United Kingdom",{},null,,+442877729194,9C7M322X+CR,153,4.600000,null,55.051029,-6.950442,,,,,,Europe/London,,0x48601114c1836911:0x5493c15aecb5e1de,null,null,null,"{""link"":"""",""source"":""""}","{""id"":"""",""name"":"""",""link"":""""}","{""borough"":"""",""street"":"""",""city"":"""",""postal_code"":"""",""state"":"""",""country"":""""}",null,null,null,
fkATaZbQKvLq1e8PzubM4QU,,Oh Papi Fresh Mexican,,"35 Main St, Limavady, BT49 0EP, United Kingdom",{},null,http://www.ohpapi.co.uk/,,9C7M322X+M5,68,4.500000,null,55.051677,-6.952020,,,,,,Europe/London,,0x486011dcec8695cf:0x18d0cf3c6650cc8d,null,null,null,"{""link"":"""",""source"":""""}","{""id"":"""",""name"":"""",""link"":""""}","{""borough"":"""",""street"":"""",""city"":"""",""postal_code"":"""",""state"":"""",""country"":""""}",null,null,null,
fkATaZbQKvLq1e8PzubM4QU,,The Market Yard,,"41-43 Main St, Limavady, BT49 0EP, United Kingdom",{},null,,+442877722333,9C7M322X+Q9,63,4.400000,null,55.051933,-6.951586,,,,,,Europe/London,,0x48601114f1c9e49d:0x400635227c827233,null,null,null,"{""link"":"""",""source"":""""}","{""id"":"""",""name"":"""",""link"":""""}","{""borough"":"""",""street"":"""",""city"":"""",""postal_code"":"""",""state"":"""",""country"":""""}",null,null,null,
fkATaZbQKvLq1e8PzubM4QU,,Café Steinbeck,,"26 Main St, Limavady, BT49 0EL, United Kingdom",{},null,,+442877729750,9C7M322X+V2,149,4.500000,null,55.052244,-6.952440,,,,,,Europe/London,,0x48601114f29455c9:0xb277fe3fadbdde16,null,null,null,"{""link"":"""",""source"":""""}","{""id"":"""",""name"":"""",""link"":""""}","{""borough"":"""",""street"":"""",""city"":"""",""postal_code"":"""",""state"":"""",""country"":""""}",null,null,null,
fkATaZbQKvLq1e8PzubM4QU,,BGs,,"4 Anderson Cres, Londonderry, Limavady, BT49 0TF, United Kingdom",{},null,,+442877762222,9C7M23W8+6X,46,4.200000,null,55.045500,-6.932541,,,,,,Europe/London,,0x4860114f8ba57e17:0xf22e22cf88aefa1,null,null,null,"{""link"":"""",""source"":""""}","{""id"":"""",""name"":"""",""link"":""""}","{""borough"":"""",""street"":"""",""city"":"""",""postal_code"":"""",""state"":"""",""country"":""""}",null,null,null,
fkATaZbQKvLq1e8PzubM4QU,,Junction Bar & Grill at the Depot Bar & Venue Limavady,,"88 Main St, Limavady, BT49 0ET, United Kingdom",{},null,,+442877767030,9C7M3332+99,423,4.600000,null,55.053411,-6.949037,,,,,,Europe/London,,0x48601115a2dc919f:0xf1638ea95677f480,null,null,null,"{""link"":"""",""source"":""""}","{""id"":"""",""name"":"""",""link"":""""}","{""borough"":"""",""street"":"""",""city"":"""",""postal_code"":"""",""state"":"""",""country"":""""}",null,null,null,
fkATaZbQKvLq1e8PzubM4QU,,Patterson Take Away,,"1 Ballyclose St, Limavady, BT49 0BL, United Kingdom",{},null,,+442877722435,9C7M3333+C6,145,4.400000,null,55.053568,-6.946968,,,,,,Europe/London,,0x4860113e26c41449:0x2ba072e23ed36aac,null,null,null,"{""link"":"""",""source"":""""}","{""id"":"""",""name"":"""",""link"":""""}","{""borough"":"""",""street"":"""",""city"":"""",""postal_code"":"""",""state"":"""",""country"":""""}",null,null,null,
fkATaZbQKvLq1e8PzubM4QU,,The Hill Restaurant,,"Unit 1, 22a Windyhill Rd, Limavady BT49 0JW, United Kingdom",{},null,,+447592433341,9C7M339C+MW,153,4.400000,null,55.069127,-6.927706,,,,,,Europe/London,,0x48601144aacf6bc1:0xb13eedca59b76fd1,null,null,null,"{""link"":"""",""source"":""""}","{""id"":"""",""name"":"""",""link"":""""}","{""borough"":"""",""street"":"""",""city"":"""",""postal_code"":"""",""state"":"""",""country"":""""}",null,null,null,
fkATaZbQKvLq1e8PzubM4QU,,Restaurant 37 @ Silky's,,"37 Main St, Dungiven, Londonderry BT47 4LD, United Kingdom",{},null,,+442877741772,9C6MW3HF+85,223,4.700000,null,54.928298,-6.927073,,,,,,Europe/London,,0x48606cc56c052d37:0x50c2bc997729aee3,null,null,null,"{""link"":"""",""source"":""""}","{""id"":"""",""name"":"""",""link"":""""}","{""borough"":"""",""street"":"""",""city"":"""",""postal_code"":"""",""state"":"""",""country"":""""}",null,null,null,
fkATaZbQKvLq1e8PzubM4QU,,The Green Cat Bakery,,"36A Main St, Eglinton, Londonderry BT47 3AD, United Kingdom",{},null,http://www.thegreencatbakery.com/,+442871814559,9C7J2RGF+XV,577,4.700000,null,55.027408,-7.175301,,,,,,Europe/London,,0x4860742d87c5d885:0x20370c9adfa51f01,null,null,null,"{""link"":"""",""source"":""""}","{""id"":"""",""name"":"""",""link"":""""}","{""borough"":"""",""street"":"""",""city"":"""",""postal_code"":"""",""state"":"""",""country"":""""}",null,null,null,
fkATaZbQKvLq1e8PzubM4QU,,The Happy Landing,,"4 Main St, Eglinton, Londonderry BT47 3PQ, United Kingdom",{},null,,+442871810206,9C7J2RGC+Q2,381,4.400000,null,55.026919,-7.179978,,,,,,Europe/London,,0x486009429519f24d:0xe55bc4d075a79eac,null,null,null,"{""link"":"""",""source"":""""}","{""id"":"""",""name"":"""",""link"":""""}","{""borough"":"""",""street"":"""",""city"":"""",""postal_code"":"""",""state"":"""",""country"":""""}",null,null,null,
fkATaZbQKvLq1e8PzubM4QU,,The Magnet Bar,,"Cranlee Park, Londonderry, BT48 8NS, United Kingdom",{},null,http://www.thebentleygroupderry.co.uk/,+442871351551,9C7J2PWG+69,779,4.500000,null,55.045572,-7.274021,,,,,,Europe/London,,0x486009d68199e9af:0x3ddf4b127a94b184,null,null,null,"{""link"":"""",""source"":""""}","{""id"":"""",""name"":"""",""link"":""""}","{""borough"":"""",""street"":"""",""city"":"""",""postal_code"":"""",""state"":"""",""country"":""""}",null,null,null,
fkATaZbQKvLq1e8PzubM4QU,,Tank and Skinny's,,"Main St, Muff, Co. Donegal, F93 XC9H, Ireland",{},null,https://www.tankandskinnys.ie/,+353749395869,9C7J3P9J+4F,751,4.700000,null,55.067848,-7.268832,,,,,,Europe/Dublin,,0x48600824daac5303:0xe4c544ad261036c4,null,null,null,"{""link"":"""",""source"":""""}","{""id"":"""",""name"":"""",""link"":""""}","{""borough"":"""",""street"":"""",""city"":"""",""postal_code"":"""",""state"":"""",""country"":""""}",null,null,null,
f0ATadSKGsCzvr0PzrvF8Ag,,The Well Bar and Grill,,"2 Plantation Rd, Ballykelly, Londonderry, Limavady BT49 9HX, United Kingdom",{},null,http://www.thewellbargrill.com/,+442877764235,9C7J2XVJ+M5,447,4.600000,null,55.044193,-7.019598,,,,,,Europe/London,,0x486011e7da59c3d7:0x3dce730c03f63159,null,null,null,"{""link"":"""",""source"":""""}","{""id"":"""",""name"":"""",""link"":""""}","{""borough"":"""",""street"":"""",""city"":"""",""postal_code"":"""",""state"":"""",""country"":""""}",null,null,null,
f0ATadSKGsCzvr0PzrvF8Ag,,Gareth’s Chip Shop,,"53 Main St, Ballykelly, Limavady BT49 9JT, United Kingdom",{},null,,+442877729998,9C7J2XVM+V9,1,5.000000,null,55.044727,-7.016529,,,,,,Europe/London,,0x486011236ce7deaf:0xf78cd06f2e92637c,null,null,null,"{""link"":"""",""source"":""""}","{""id"":"""",""name"":"""",""link"":""""}","{""borough"":"""",""street"":"""",""city"":"""",""postal_code"":"""",""state"":"""",""country"":""""}",null,null,null,
f0ATadSKGsCzvr0PzrvF8Ag,,The Coach House Brasserie,,"10 Lisnakilly Roundabout, Limavady, BT49 9FB, United Kingdom",{},null,http://www.roevalleyresort.com/dine.html,+442877722222,9C7M22QV+7R,326,4.300000,null,55.038245,-6.955457,,,,,,Europe/London,,0x4860117ba1d0b3ad:0x98ff97327132952d,null,null,null,"{""link"":"""",""source"":""""}","{""id"":"""",""name"":"""",""link"":""""}","{""borough"":"""",""street"":"""",""city"":"""",""postal_code"":"""",""state"":"""",""country"":""""}",null,null,null,
f0ATadSKGsCzvr0PzrvF8Ag,,The Golden Chipper,,"140a Irish Green St, Limavady, BT49 9AP, United Kingdom",{},null,,+442877763280,9C7M23W2+4Q,282,4.600000,null,55.045341,-6.948038,,,,,,Europe/London,,0x4860116a3174bf05:0xd34513c99de3bd1e,null,null,null,"{""link"":"""",""source"":""""}","{""id"":"""",""name"":"""",""link"":""""}","{""borough"":"""",""street"":"""",""city"":"""",""postal_code"":"""",""state"":"""",""country"":""""}",null,null,null,
f0ATadSKGsCzvr0PzrvF8Ag,,Roe Valley Resort,,"10 Lisnakilly Roundabout, Limavady, BT49 9FB, United Kingdom",{},null,http://www.roevalleyresort.com/,+442877722222,9C7M22XR+JW,1918,4.500000,null,55.049084,-6.957629,,,,,,Europe/London,,0x486011657bbf6cdd:0xc320dd7985690331,null,null,null,"{""link"":"""",""source"":""""}","{""id"":"""",""name"":"""",""link"":""""}","{""borough"":"""",""street"":"""",""city"":"""",""postal_code"":"""",""state"":"""",""country"":""""}",null,null,null,
f0ATadSKGsCzvr0PzrvF8Ag,,The Yellow Bird,,"Central Car Park, Limavady, BT49, United Kingdom",{},null,,+442877762020,9C7M322X+F4,429,4.600000,null,55.051226,-6.952179,,,,,,Europe/London,,0x4860111494f3e9a1:0xcc76445a3d2ab69,null,null,null,"{""link"":"""",""source"":""""}","{""id"":"""",""name"":"""",""link"":""""}","{""borough"":"""",""street"":"""",""city"":"""",""postal_code"":"""",""state"":"""",""country"":""""}",null,null,null,
f0ATadSKGsCzvr0PzrvF8Ag,,Antoinette's Cafe,,"17 Market St, Limavady, BT49 0AB, United Kingdom",{},null,,+442877729194,9C7M322X+CR,153,4.600000,null,55.051029,-6.950442,,,,,,Europe/London,,0x48601114c1836911:0x5493c15aecb5e1de,null,null,null,"{""link"":"""",""source"":""""}","{""id"":"""",""name"":"""",""link"":""""}","{""borough"":"""",""street"":"""",""city"":"""",""postal_code"":"""",""state"":"""",""country"":""""}",null,null,null,
f0ATadSKGsCzvr0PzrvF8Ag,,Oh Papi Fresh Mexican,,"35 Main St, Limavady, BT49 0EP, United Kingdom",{},null,http://www.ohpapi.co.uk/,,9C7M322X+M5,68,4.500000,null,55.051677,-6.952020,,,,,,Europe/London,,0x486011dcec8695cf:0x18d0cf3c6650cc8d,null,null,null,"{""link"":"""",""source"":""""}","{""id"":"""",""name"":"""",""link"":""""}","{""borough"":"""",""street"":"""",""city"":"""",""postal_code"":"""",""state"":"""",""country"":""""}",null,null,null,
f0ATadSKGsCzvr0PzrvF8Ag,,The Market Yard,,"41-43 Main St, Limavady, BT49 0EP, United Kingdom",{},null,,+442877722333,9C7M322X+Q9,63,4.400000,null,55.051933,-6.951586,,,,,,Europe/London,,0x48601114f1c9e49d:0x400635227c827233,null,null,null,"{""link"":"""",""source"":""""}","{""id"":"""",""name"":"""",""link"":""""}","{""borough"":"""",""street"":"""",""city"":"""",""postal_code"":"""",""state"":"""",""country"":""""}",null,null,null,
f0ATadSKGsCzvr0PzrvF8Ag,,Café Steinbeck,,"26 Main St, Limavady, BT49 0EL, United Kingdom",{},null,,+442877729750,9C7M322X+V2,149,4.500000,null,55.052244,-6.952440,,,,,,Europe/London,,0x48601114f29455c9:0xb277fe3fadbdde16,null,null,null,"{""link"":"""",""source"":""""}","{""id"":"""",""name"":"""",""link"":""""}","{""borough"":"""",""street"":"""",""city"":"""",""postal_code"":"""",""state"":"""",""country"":""""}",null,null,null,
f0ATadSKGsCzvr0PzrvF8Ag,,Junction Bar & Grill at the Depot Bar & Venue Limavady,,"88 Main St, Limavady, BT49 0ET, United Kingdom",{},null,,+442877767030,9C7M3332+99,423,4.600000,null,55.053411,-6.949037,,,,,,Europe/London,,0x48601115a2dc919f:0xf1638ea95677f480,null,null,null,"{""link"":"""",""source"":""""}","{""id"":"""",""name"":"""",""link"":""""}","{""borough"":"""",""street"":"""",""city"":"""",""postal_code"":"""",""state"":"""",""country"":""""}",null,null,null,
f0ATadSKGsCzvr0PzrvF8Ag,,The Hill Restaurant,,"Unit 1, 22a Windyhill Rd, Limavady BT49 0JW, United Kingdom",{},null,,+447592433341,9C7M339C+MW,153,4.400000,null,55.069127,-6.927706,,,,,,Europe/London,,0x48601144aacf6bc1:0xb13eedca59b76fd1,null,null,null,"{""link"":"""",""source"":""""}","{""id"":"""",""name"":"""",""link"":""""}","{""borough"":"""",""street"":"""",""city"":"""",""postal_code"":"""",""state"":"""",""country"":""""}",null,null,null,
f0ATadSKGsCzvr0PzrvF8Ag,,Restaurant 37 @ Silky's,,"37 Main St, Dungiven, Londonderry BT47 4LD, United Kingdom",{},null,,+442877741772,9C6MW3HF+85,223,4.700000,null,54.928298,-6.927073,,,,,,Europe/London,,0x48606cc56c052d37:0x50c2bc997729aee3,null,null,null,"{""link"":"""",""source"":""""}","{""id"":"""",""name"":"""",""link"":""""}","{""borough"":"""",""street"":"""",""city"":"""",""postal_code"":"""",""state"":"""",""country"":""""}",null,null,null,
f0ATadSKGsCzvr0PzrvF8Ag,,The Green Cat Bakery,,"36A Main St, Eglinton, Londonderry BT47 3AD, United Kingdom",{},null,http://www.thegreencatbakery.com/,+442871814559,9C7J2RGF+XV,577,4.700000,null,55.027408,-7.175301,,,,,,Europe/London,,0x4860742d87c5d885:0x20370c9adfa51f01,null,null,null,"{""link"":"""",""source"":""""}","{""id"":"""",""name"":"""",""link"":""""}","{""borough"":"""",""street"":"""",""city"":"""",""postal_code"":"""",""state"":"""",""country"":""""}",null,null,null,
f0ATadSKGsCzvr0PzrvF8Ag,,The Happy Landing,,"4 Main St, Eglinton, Londonderry BT47 3PQ, United Kingdom",{},null,,+442871810206,9C7J2RGC+Q2,381,4.400000,null,55.026919,-7.179978,,,,,,Europe/London,,0x486009429519f24d:0xe55bc4d075a79eac,null,null,null,"{""link"":"""",""source"":""""}","{""id"":"""",""name"":"""",""link"":""""}","{""borough"":"""",""street"":"""",""city"":"""",""postal_code"":"""",""state"":"""",""country"":""""}",null,null,null,
f0ATadSKGsCzvr0PzrvF8Ag,,Solo Restaurant,,"Unit 1A, Campsie Business Park, Campsie, Londonderry BT47 3XX, United Kingdom",{},null,,+442871860912,9C7J2RM5+GW,167,4.700000,null,55.033812,-7.190131,,,,,,Europe/London,,0x48600986d8bd639d:0xcf248095b13f51ed,null,null,null,"{""link"":"""",""source"":""""}","{""id"":"""",""name"":"""",""link"":""""}","{""borough"":"""",""street"":"""",""city"":"""",""postal_code"":"""",""state"":"""",""country"":""""}",null,null,null,
f0ATadSKGsCzvr0PzrvF8Ag,,Link 47 Bar & Restaurant,,"Crescent Link Retail Park, Unit 21, Londonderry, BT47 6SA, United Kingdom",{},null,http://thebentleygroupderry.co.uk/,+442871874747,9C6JXPXF+PV,1055,4.600000,null,54.999309,-7.275298,,,,,,Europe/London,,0x485fe1c513a9662b:0x12278ea0b97584,null,null,null,"{""link"":"""",""source"":""""}","{""id"":"""",""name"":"""",""link"":""""}","{""borough"":"""",""street"":"""",""city"":"""",""postal_code"":"""",""state"":"""",""country"":""""}",null,null,null,
f0ATadSKGsCzvr0PzrvF8Ag,,The Treehouse Restaurant,,"Main St, Muff, Co. Donegal, F93 XV9R, Ireland",{},null,http://www.treehousebar.ie/,+353749384873,9C7J3PFM+FM,613,4.500000,null,55.073725,-7.265838,,,,,,Europe/Dublin,,0x4860083d1c5ba9e3:0x64e81999eff146e8,null,null,null,"{""link"":"""",""source"":""""}","{""id"":"""",""name"":"""",""link"":""""}","{""borough"":"""",""street"":"""",""city"":"""",""postal_code"":"""",""state"":"""",""country"":""""}",null,null,null,
f0ATadSKGsCzvr0PzrvF8Ag,,Artis Restaurant By Phelim O' Hagan,,"29-31, Craft Village, Londonderry, BT48 6AR, United Kingdom",{},null,http://www.artisatcraftvillagederry.com/,+442871261212,9C6JXMWH+QH,97,4.900000,null,54.996957,-7.321043,,,,,,Europe/London,,0x485fe1794f2f9cc5:0xa6c11991a8a4ec3d,null,null,null,"{""link"":"""",""source"":""""}","{""id"":"""",""name"":"""",""link"":""""}","{""borough"":"""",""street"":"""",""city"":"""",""postal_code"":"""",""state"":"""",""country"":""""}",null,null,null,
f0ATadSKGsCzvr0PzrvF8Ag,,Friels Bar and Restaurant,,"2-4 Kilrea Rd, Swatragh, Maghera BT46 5QF, United Kingdom",{},null,https://friels.ie/,+442879401206,9C6MW86P+2F,553,4.800000,null,54.910112,-6.663822,,,,,,Europe/London,,0x486041275ccedf09:0x242ecb1a197d7193,null,null,null,"{""link"":"""",""source"":""""}","{""id"":"""",""name"":"""",""link"":""""}","{""borough"":"""",""street"":"""",""city"":"""",""postal_code"":"""",""state"":"""",""country"":""""}",null,null,null,
gEATabL7Cs7Z1e8P9-ue8QQ,,Al’s Coffee at Roe Valley Country Park,,"41 Dogleap Rd, Limavady, BT49 9NN, United Kingdom",{},null,http://alscoffee.org/,+447983677328,9C7M23G6+3H,77,4.500000,null,55.025193,-6.938536,,,,,,Europe/London,,0x486013773deb0b19:0xb205541ed358beef,null,null,null,"{""link"":"""",""source"":""""}","{""id"":"""",""name"":"""",""link"":""""}","{""borough"":"""",""street"":"""",""city"":"""",""postal_code"":"""",""state"":"""",""country"":""""}",null,null,null,
gEATabL7Cs7Z1e8P9-ue8QQ,,Roe Valley Leisure Centre,,"Greystone Rd, Limavady, BT49 0ND, United Kingdom",{},null,https://www.causewaycoastandglens.gov.uk/see-do/leisure-centres,+442877764009,9C7M23V5+P9,191,4.600000,null,55.044293,-6.941539,,,,,,Europe/London,,0x486011422fe0157d:0x6ef82fd5c6dc6256,null,null,null,"{""link"":"""",""source"":""""}","{""id"":"""",""name"":"""",""link"":""""}","{""borough"":"""",""street"":"""",""city"":"""",""postal_code"":"""",""state"":"""",""country"":""""}",null,null,null,
gEATabL7Cs7Z1e8P9-ue8QQ,,Chapter 4 coffee,,"5 The Mall, Limavady, BT49 0FL, United Kingdom",{},null,,+442871162834,9C7M322X+7F,10,4.900000,null,55.050683,-6.951301,,,,,,Europe/London,,0x486011c40c1d7547:0x53e575535f54262b,null,null,null,"{""link"":"""",""source"":""""}","{""id"":"""",""name"":"""",""link"":""""}","{""borough"":"""",""street"":"""",""city"":"""",""postal_code"":"""",""state"":"""",""country"":""""}",null,null,null,
gEATabL7Cs7Z1e8P9-ue8QQ,,Hunters Bakery - Limavady,,"5-9 Market St, Limavady, BT49 0AB, United Kingdom",{},null,http://huntersbakery.com/,+442877722411,9C7M322X+7R,227,4.300000,null,55.050650,-6.950460,,,,,,Europe/London,,0x48601114e76ab6c1:0x344fd1ec0f23bd80,null,null,null,"{""link"":"""",""source"":""""}","{""id"":"""",""name"":"""",""link"":""""}","{""borough"":"""",""street"":"""",""city"":"""",""postal_code"":"""",""state"":"""",""country"":""""}",null,null,null,
gEATabL7Cs7Z1e8P9-ue8QQ,,The Yellow Bird,,"Central Car Park, Limavady, BT49, United Kingdom",{},null,,+442877762020,9C7M322X+F4,429,4.600000,null,55.051226,-6.952179,,,,,,Europe/London,,0x4860111494f3e9a1:0xcc76445a3d2ab69,null,null,null,"{""link"":"""",""source"":""""}","{""id"":"""",""name"":"""",""link"":""""}","{""borough"":"""",""street"":"""",""city"":"""",""postal_code"":"""",""state"":"""",""country"":""""}",null,null,null,
gEATabL7Cs7Z1e8P9-ue8QQ,,Antoinette's Cafe,,"17 Market St, Limavady, BT49 0AB, United Kingdom",{},null,,+442877729194,9C7M322X+CR,153,4.600000,null,55.051029,-6.950442,,,,,,Europe/London,,0x48601114c1836911:0x5493c15aecb5e1de,null,null,null,"{""link"":"""",""source"":""""}","{""id"":"""",""name"":"""",""link"":""""}","{""borough"":"""",""street"":"""",""city"":"""",""postal_code"":"""",""state"":"""",""country"":""""}",null,null,null,
gEATabL7Cs7Z1e8P9-ue8QQ,,Munch Box,,"35d Market St, Limavady, BT49 0AB, United Kingdom",{},null,,+447718833533,9C7M322X+HJ,8,4.400000,null,55.051415,-6.950914,,,,,,Europe/London,,0x48601114e76ab6c1:0xc6748b27c5c3b190,null,null,null,"{""link"":"""",""source"":""""}","{""id"":"""",""name"":"""",""link"":""""}","{""borough"":"""",""street"":"""",""city"":"""",""postal_code"":"""",""state"":"""",""country"":""""}",null,null,null,
gEATabL7Cs7Z1e8P9-ue8QQ,,Café Steinbeck,,"26 Main St, Limavady, BT49 0EL, United Kingdom",{},null,,+442877729750,9C7M322X+V2,149,4.500000,null,55.052244,-6.952440,,,,,,Europe/London,,0x48601114f29455c9:0xb277fe3fadbdde16,null,null,null,"{""link"":"""",""source"":""""}","{""id"":"""",""name"":"""",""link"":""""}","{""borough"":"""",""street"":"""",""city"":"""",""postal_code"":"""",""state"":"""",""country"":""""}",null,null,null,
gEATabL7Cs7Z1e8P9-ue8QQ,,Tank and Skinny’s,,"21 Broad Rd, Limavady, BT49 0QH, United Kingdom",{},null,http://www.tankandskinnys.ie/,+442877778177,9C7M332G+83,140,4.500000,null,55.050808,-6.924842,,,,,,Europe/London,,0x486011fd78510337:0x87adcc1965a15c71,null,null,null,"{""link"":"""",""source"":""""}","{""id"":"""",""name"":"""",""link"":""""}","{""borough"":"""",""street"":"""",""city"":"""",""postal_code"":"""",""state"":"""",""country"":""""}",null,null,null,
gEATabL7Cs7Z1e8P9-ue8QQ,,The Hill Restaurant,,"Unit 1, 22a Windyhill Rd, Limavady BT49 0JW, United Kingdom",{},null,,+447592433341,9C7M339C+MW,153,4.400000,null,55.069127,-6.927706,,,,,,Europe/London,,0x48601144aacf6bc1:0xb13eedca59b76fd1,null,null,null,"{""link"":"""",""source"":""""}","{""id"":"""",""name"":"""",""link"":""""}","{""borough"":"""",""street"":"""",""city"":"""",""postal_code"":"""",""state"":"""",""country"":""""}",null,null,null,
gEATabL7Cs7Z1e8P9-ue8QQ,,The Green Cat Bakery,,"36A Main St, Eglinton, Londonderry BT47 3AD, United Kingdom",{},null,http://www.thegreencatbakery.com/,+442871814559,9C7J2RGF+XV,577,4.700000,null,55.027408,-7.175301,,,,,,Europe/London,,0x4860742d87c5d885:0x20370c9adfa51f01,null,null,null,"{""link"":"""",""source"":""""}","{""id"":"""",""name"":"""",""link"":""""}","{""borough"":"""",""street"":"""",""city"":"""",""postal_code"":"""",""state"":"""",""country"":""""}",null,null,null,
gEATabL7Cs7Z1e8P9-ue8QQ,,Binevenagh View Café,,"Bellarena Primary School, Limavady, BT49 0JB, United Kingdom",{},null,https://facebook.com/BinevenaghAdventures,,9C7M429W+3H,29,5.000000,null,55.117673,-6.953526,,,,,,Europe/London,,0x48601b531a059085:0x5d2a63594e35ed9a,null,null,null,"{""link"":"""",""source"":""""}","{""id"":"""",""name"":"""",""link"":""""}","{""borough"":"""",""street"":"""",""city"":"""",""postal_code"":"""",""state"":"""",""country"":""""}",null,null,null,
gEATabL7Cs7Z1e8P9-ue8QQ,,The Cafe @ 205,,"Tirbracken Rd, Londonderry, BT47 3HX, United Kingdom",{},null,,,9C6JXQGR+RF,2,5.000000,null,54.977099,-7.208828,,,,,,Europe/London,,0x48600a51ac29d6bd:0x9834c904bc428469,null,null,null,"{""link"":"""",""source"":""""}","{""id"":"""",""name"":"""",""link"":""""}","{""borough"":"""",""street"":"""",""city"":"""",""postal_code"":"""",""state"":"""",""country"":""""}",null,null,null,
gEATabL7Cs7Z1e8P9-ue8QQ,,Eleanor's Bakery & Cafe,,"63 Main St, Claudy, Londonderry BT47 4HR, United Kingdom",{},null,,,9C6JWR6V+QX,9,4.200000,null,54.911949,-7.155011,,,,,,Europe/London,,0x486074c68b8bd089:0x887ab4a836f4a0b8,null,null,null,"{""link"":"""",""source"":""""}","{""id"":"""",""name"":"""",""link"":""""}","{""borough"":"""",""street"":"""",""city"":"""",""postal_code"":"""",""state"":"""",""country"":""""}",null,null,null,
gEATabL7Cs7Z1e8P9-ue8QQ,,The Fat Fox Cafe,,"Cumber house, 57 Cumber Rd, Claudy, Londonderry BT47 4JA, United Kingdom",{},null,http://www.facebook.com/thefatfoxcafe,+447494348702,9C6JWR4R+2F,102,4.700000,null,54.905098,-7.158767,,,,,,Europe/London,,0x486075a776bc97c7:0x64dbc13aafc0e4c0,null,null,null,"{""link"":"""",""source"":""""}","{""id"":"""",""name"":"""",""link"":""""}","{""borough"":"""",""street"":"""",""city"":"""",""postal_code"":"""",""state"":"""",""country"":""""}",null,null,null,
gEATabL7Cs7Z1e8P9-ue8QQ,,Waves Coffee Shop & Bistro,,"53 Benone Ave, Limavady, BT49 0LQ, United Kingdom",{},null,,+442877750699,9C7M547H+JW,208,4.700000,null,55.164055,-6.870212,,,,,,Europe/London,,0x48601917bef338d9:0xbcbb5f2fd14a9f72,null,null,null,"{""link"":"""",""source"":""""}","{""id"":"""",""name"":"""",""link"":""""}","{""borough"":"""",""street"":"""",""city"":"""",""postal_code"":"""",""state"":"""",""country"":""""}",null,null,null,
gEATabL7Cs7Z1e8P9-ue8QQ,,Cafe Leon @ Carhill Interiors,,"56 Carhill Rd, Coleraine, BT51 5PF, United Kingdom",{},null,,+447703771279,9C6MX887+F9,3,5.000000,null,54.966192,-6.686568,,,,,,Europe/London,,0x48603f6c3bfbaa15:0x2e07037d4c1d0ed7,null,null,null,"{""link"":"""",""source"":""""}","{""id"":"""",""name"":"""",""link"":""""}","{""borough"":"""",""street"":"""",""city"":"""",""postal_code"":"""",""state"":"""",""country"":""""}",null,null,null,
gEATabL7Cs7Z1e8P9-ue8QQ,,Temple Cove Coffee Bar,,"21 Temple Cove, Downhill, BT51 4WE, United Kingdom",{},null,,+442870848376,9C7M558H+C9,194,4.600000,null,55.166069,-6.821515,,,,,,Europe/London,,0x48602382587ebcef:0x2b1870b68ae5815d,null,null,null,"{""link"":"""",""source"":""""}","{""id"":"""",""name"":"""",""link"":""""}","{""borough"":"""",""street"":"""",""city"":"""",""postal_code"":"""",""state"":"""",""country"":""""}",null,null,null,
gEATabL7Cs7Z1e8P9-ue8QQ,,Surf Shack - Castlerock Surf School & Cafe,,"11 Main St, Castlerock, Coleraine BT51 4RA, United Kingdom",{},null,https://www.surfshackcastlerock.com/,,9C7M5687+G6,140,4.900000,null,55.166296,-6.786904,,,,,,Europe/London,,0x48602397e21de96f:0xd00f7db4b07763e3,null,null,null,"{""link"":"""",""source"":""""}","{""id"":"""",""name"":"""",""link"":""""}","{""borough"":"""",""street"":"""",""city"":"""",""postal_code"":"""",""state"":"""",""country"":""""}",null,null,null,
gEATabL7Cs7Z1e8P9-ue8QQ,,The Country Cafe,,"Unit 1, Garvagh Road, Swatragh, Maghera BT46 5QE, United Kingdom",{},null,,+442879401699,9C6MW87P+6F,120,4.800000,null,54.913013,-6.663825,,,,,,Europe/London,,0x486040d8d384003d:0x54c87693b1a1fa8,null,null,null,"{""link"":"""",""source"":""""}","{""id"":"""",""name"":"""",""link"":""""}","{""borough"":"""",""street"":"""",""city"":"""",""postal_code"":"""",""state"":"""",""country"":""""}",null,null,null,
gEATaaqWM67Q1e8P6KudgQE,,Tommy's Fish and Chips,,"434 Main St, Ballykelly, Limavady BT49 9HS, United Kingdom",{},null,,+442877722740,9C7J2XVM+Q9,697,4.100000,null,55.044479,-7.016533,,,,,,Europe/London,,0x486011e83794babb:0x5a8099cf77993df7,null,null,null,"{""link"":"""",""source"":""""}","{""id"":"""",""name"":"""",""link"":""""}","{""borough"":"""",""street"":"""",""city"":"""",""postal_code"":"""",""state"":"""",""country"":""""}",null,null,null,
gEATaaqWM67Q1e8P6KudgQE,,Chips Chippy Ballykelly,,"Main St, Ballykelly, Limavady BT49 9HS, United Kingdom",{},null,https://www.chipsni.co.uk/,+442877729998,9C7J2XVM+VC,1,5.000000,null,55.044708,-7.016453,,,,,,Europe/London,,0x486011166f26dbdd:0x97acc40a1c2ff04,null,null,null,"{""link"":"""",""source"":""""}","{""id"":"""",""name"":"""",""link"":""""}","{""borough"":"""",""street"":"""",""city"":"""",""postal_code"":"""",""state"":"""",""country"":""""}",null,null,null,
gEATaaqWM67Q1e8P6KudgQE,,Darios,,"59 Main St, Ballykelly, Limavady BT49 9HS, United Kingdom",{},null,https://dariospizza.app/,+442877278500,9C7J2XVM+W9,41,3.900000,null,55.044758,-7.016527,,,,,,Europe/London,,0x486011e8357f3eb9:0xb198ee38ffe31bec,null,null,null,"{""link"":"""",""source"":""""}","{""id"":"""",""name"":"""",""link"":""""}","{""borough"":"""",""street"":"""",""city"":"""",""postal_code"":"""",""state"":"""",""country"":""""}",null,null,null,
gEATaaqWM67Q1e8P6KudgQE,,Domino's Pizza - Limavady,,"19 Ballyquin Rd, Limavady, BT49 9EY, United Kingdom",{},null,https://www.dominos.co.uk/pizza-near-me/limavady/19-ballyquin-road?utm_source=gmb&utm_medium=yext&y_source=1_MTAxMTI0MzQ2Ny03MTUtbG9jYXRpb24ud2Vic2l0ZQ%3D%3D,+442877103222,9C7M23P5+RV,35,3.600000,null,55.037021,-6.940331,,,,,,Europe/London,,0x48601109acbc1de9:0xc6510c6f6367f15a,null,null,null,"{""link"":"""",""source"":""""}","{""id"":"""",""name"":"""",""link"":""""}","{""borough"":"""",""street"":"""",""city"":"""",""postal_code"":"""",""state"":"""",""country"":""""}",null,null,null,
gEATaaqWM67Q1e8P6KudgQE,,The Golden Chipper,,"140a Irish Green St, Limavady, BT49 9AP, United Kingdom",{},null,,+442877763280,9C7M23W2+4Q,282,4.600000,null,55.045341,-6.948038,,,,,,Europe/London,,0x4860116a3174bf05:0xd34513c99de3bd1e,null,null,null,"{""link"":"""",""source"":""""}","{""id"":"""",""name"":"""",""link"":""""}","{""borough"":"""",""street"":"""",""city"":"""",""postal_code"":"""",""state"":"""",""country"":""""}",null,null,null,
gEATaaqWM67Q1e8P6KudgQE,,Riceway Chinese Takeaway,,"58 Catherine St, Limavady, BT49 9DB, United Kingdom",{},null,,+442877722492,9C7M22XW+RV,52,4.300000,null,55.049517,-6.952753,,,,,,Europe/London,,0x48601114b4d43d6f:0x9450daa22438b250,null,null,null,"{""link"":"""",""source"":""""}","{""id"":"""",""name"":"""",""link"":""""}","{""borough"":"""",""street"":"""",""city"":"""",""postal_code"":"""",""state"":"""",""country"":""""}",null,null,null,
gEATaaqWM67Q1e8P6KudgQE,,The Chippy,,"51 Catherine St, Limavady, BT49 9DA, United Kingdom",{},null,http://www.thechippyni.com/,+442877765566,9C7M22XW+WQ,272,4.200000,null,55.049805,-6.953077,,,,,,Europe/London,,0x4860116b549a80cb:0xcaddb97bc58ec876,null,null,null,"{""link"":"""",""source"":""""}","{""id"":"""",""name"":"""",""link"":""""}","{""borough"":"""",""street"":"""",""city"":"""",""postal_code"":"""",""state"":"""",""country"":""""}",null,null,null,
gEATaaqWM67Q1e8P6KudgQE,,Fire & Stone,,"Catherine St, Limavady, BT49 9DB, United Kingdom",{},null,http://www.fireandstoneni.com/,+442877722772,9C7M22XW+WQ,135,4.200000,null,55.049822,-6.953031,,,,,,Europe/London,,0x48601114ceb513c3:0x3b1038d7fffa3924,null,null,null,"{""link"":"""",""source"":""""}","{""id"":"""",""name"":"""",""link"":""""}","{""borough"":"""",""street"":"""",""city"":"""",""postal_code"":"""",""state"":"""",""country"":""""}",null,null,null,
gEATaaqWM67Q1e8P6KudgQE,,Pizza Max Limavady,,"37 Catherine St, Limavady, BT49 9DA, United Kingdom",{},null,https://www.pizzamax.co.uk/,+442877766888,9C7M22XW+XX,11,3.700000,null,55.049951,-6.952578,,,,,,Europe/London,,0x4860113bb55d9da9:0xd50cc0923dfe4c35,null,null,null,"{""link"":"""",""source"":""""}","{""id"":"""",""name"":"""",""link"":""""}","{""borough"":"""",""street"":"""",""city"":"""",""postal_code"":"""",""state"":"""",""country"":""""}",null,null,null,
gEATaaqWM67Q1e8P6KudgQE,,Apache Pizza Limavady,,"21 Catherine St, Limavady, BT49 9DA, United Kingdom",{},null,https://www.apachepizza.co.uk/stores/order-pizza-Limavady?utm_source=gmb&utm_medium=yext&utm_campaign=GB15,+442877291198,9C7M322X+49,46,4.400000,null,55.050311,-6.951518,,,,,,Europe/London,,0x4860116c2534fead:0xbc2701d8548bc5e2,null,null,null,"{""link"":"""",""source"":""""}","{""id"":"""",""name"":"""",""link"":""""}","{""borough"":"""",""street"":"""",""city"":"""",""postal_code"":"""",""state"":"""",""country"":""""}",null,null,null,
gEATaaqWM67Q1e8P6KudgQE,,Subway,,"63 Main Street, Limavady 65, Londonderry, BT49 0EP, United Kingdom",{},null,https://restaurants.subway.com/united-kingdom/ni/londonderry/63-main-street-limavady?utm_source=yxt-goog&utm_medium=local&utm_term=acq&utm_content=48277&utm_campaign=evergreen-2020&y_source=1_MTQ5MjQwMTAtNzE1LWxvY2F0aW9uLndlYnNpdGU%3D,+442877722200,9C7M322X+WP,112,4.000000,null,55.052309,-6.950680,,,,,,Europe/London,,0x48601114ee1ff15d:0x27b2f892e67d356d,null,null,null,"{""link"":"""",""source"":""""}","{""id"":"""",""name"":"""",""link"":""""}","{""borough"":"""",""street"":"""",""city"":"""",""postal_code"":"""",""state"":"""",""country"":""""}",null,null,null,
gEATaaqWM67Q1e8P6KudgQE,,BGs,,"4 Anderson Cres, Londonderry, Limavady, BT49 0TF, United Kingdom",{},null,,+442877762222,9C7M23W8+6X,46,4.200000,null,55.045500,-6.932541,,,,,,Europe/London,,0x4860114f8ba57e17:0xf22e22cf88aefa1,null,null,null,"{""link"":"""",""source"":""""}","{""id"":"""",""name"":"""",""link"":""""}","{""borough"":"""",""street"":"""",""city"":"""",""postal_code"":"""",""state"":"""",""country"":""""}",null,null,null,
gEATaaqWM67Q1e8P6KudgQE,,Uno (New Uno Limavady),,"5 Anderson Cres, Limavady, BT49 0UN, United Kingdom",{},null,https://newuno.app/,+442877729733,9C7M23W9+65,99,3.500000,null,55.045578,-6.932123,,,,,,Europe/London,,0x48601145d9027241:0xb9b809f7ef7da30d,null,null,null,"{""link"":"""",""source"":""""}","{""id"":"""",""name"":"""",""link"":""""}","{""borough"":"""",""street"":"""",""city"":"""",""postal_code"":"""",""state"":"""",""country"":""""}",null,null,null,
gEATaaqWM67Q1e8P6KudgQE,,Kebab King,,"82 Main St, Londonderry, Limavady, BT49 0ET, United Kingdom",{},null,http://kebabkingni.com/,+442877762776,9C7M3332+75,36,4.200000,null,55.053147,-6.949501,,,,,,Europe/London,,0x48601115a5b7b315:0x1fd83942ba082cc1,null,null,null,"{""link"":"""",""source"":""""}","{""id"":"""",""name"":"""",""link"":""""}","{""borough"":"""",""street"":"""",""city"":"""",""postal_code"":"""",""state"":"""",""country"":""""}",null,null,null,
gEATaaqWM67Q1e8P6KudgQE,,McNulty's,,"84 Main St, Limavady, BT49 0ET, United Kingdom",{},null,http://www.mcnultysfishandchips.co.uk/,+442877762148,9C7M3332+86,263,3.900000,null,55.053289,-6.949465,,,,,,Europe/London,,0x48601115a44efd71:0xf7068dd70fc93cf6,null,null,null,"{""link"":"""",""source"":""""}","{""id"":"""",""name"":"""",""link"":""""}","{""borough"":"""",""street"":"""",""city"":"""",""postal_code"":"""",""state"":"""",""country"":""""}",null,null,null,
gEATaaqWM67Q1e8P6KudgQE,,Happy House,,"143 Greystone Rd, Limavady, BT49 0PB, United Kingdom",{},null,https://happyhouselimavady.com/delivery,+442877767712,9C7M23XF+X4,78,4.000000,null,55.049994,-6.927141,,,,,,Europe/London,,0x486011483f53435f:0x211b96081bba24f4,null,null,null,"{""link"":"""",""source"":""""}","{""id"":"""",""name"":"""",""link"":""""}","{""borough"":"""",""street"":"""",""city"":"""",""postal_code"":"""",""state"":"""",""country"":""""}",null,null,null,
gEATaaqWM67Q1e8P6KudgQE,,Roe Chippy,,"Unit 3 & Unit 5, 145 Greystone Rd, Limavady BT49 0PB, United Kingdom",{},null,https://www.facebook.com/roechippy?fref=ts,+442877278008,9C7M332F+47,52,3.500000,null,55.050276,-6.926806,,,,,,Europe/London,,0x486011482a41b777:0x8a03445365920d6c,null,null,null,"{""link"":"""",""source"":""""}","{""id"":"""",""name"":"""",""link"":""""}","{""borough"":"""",""street"":"""",""city"":"""",""postal_code"":"""",""state"":"""",""country"":""""}",null,null,null,
gEATaaqWM67Q1e8P6KudgQE,,Skippers,,"124 Main St, Dungiven, Londonderry BT47 4LG, United Kingdom",{},null,,+442877740370,9C6MW3GG+PJ,118,4.100000,null,54.926772,-6.923397,,,,,,Europe/London,,0x48606cc43521bb25:0x546c7c33c7b79436,null,null,null,"{""link"":"""",""source"":""""}","{""id"":"""",""name"":"""",""link"":""""}","{""borough"":"""",""street"":"""",""city"":"""",""postal_code"":"""",""state"":"""",""country"":""""}",null,null,null,
gEATaaqWM67Q1e8P6KudgQE,,McDonald's,,"200 Strand Rd, Londonderry, BT48 7PU, United Kingdom",{},null,https://www.mcdonalds.com/gb/en-gb.html?cid=RF:YEXT:GMB:8261122:Clicks:DIRSYN:,+442871279200,9C7J2M6P+F2,1626,3.700000,null,55.011200,-7.314930,,,,,,Europe/London,,0x485fe2291307ae8d:0x1f4029f0e3e24795,null,null,null,"{""link"":"""",""source"":""""}","{""id"":"""",""name"":"""",""link"":""""}","{""borough"":"""",""street"":"""",""city"":"""",""postal_code"":"""",""state"":"""",""country"":""""}",null,null,null,
