input_id,link,title,category,address,open_hours,popular_times,website,phone,plus_code,review_count,review_rating,reviews_per_rating,latitude,longitude,cid,status,descriptions,reviews_link,thumbnail,timezone,price_range,data_id,images,reservations,order_online,menu,owner,complete_address,about,user_reviews,user_reviews_extended,emails
VMUVabnWLMjV1e8PzJKuoQg,,Hokkaido Ramen,,"581 N Poplar St, Casper, WY 82601, United States",{},null,https://order.mealkeyway.com/merchant/774a4b6a49305431306b746d334571565652416d59413d3d/main,+1307-333-4705,85JMVM48+99,325,4.400000,null,42.855937,-106.334100,,,,,,America/Denver,,0x8760bd88dace2809:0x4db598eb97096468,null,null,null,"{""link"":"""",""source"":""""}","{""id"":"""",""name"":"""",""link"":""""}","{""borough"":"""",""street"":"""",""city"":"""",""postal_code"":"""",""state"":"""",""country"":""""}",null,null,null,
VcUVacvjJMDT1e8Pkry0iQQ,,54thirty Rooftop,,"1475 California St, Denver, CO 80202, United States",{},null,https://www.54thirty.com/?utm_source=google&utm_medium=organic&utm_campaign=business_listing,+1720-996-1558,85FQP2V4+PF,2434,4.600000,null,39.744254,-104.993871,,,,,,America/Denver,,0x876c78d1054fe25b:0x4a880ef062d2143d,null,null,null,"{""link"":"""",""source"":""""}","{""id"":"""",""name"":"""",""link"":""""}","{""borough"":"""",""street"":"""",""city"":"""",""postal_code"":"""",""state"":"""",""country"":""""}",null,null,null,
WcUVaeOJCf2Bvr0PicCX4Qk,,Jax Fish House & Oyster Bar,,"123 N College Ave, Fort Collins, CO 80524, United States",{},null,https://www.jaxfishhouse.com/,+1970-682-2275,85GPHWQF+52,1179,4.500000,null,40.587889,-105.077441,,,,,,America/Denver,,0x87694a8ac4276e49:0x44e5d615a5090984,null,null,null,"{""link"":"""",""source"":""""}","{""id"":"""",""name"":"""",""link"":""""}","{""borough"":"""",""street"":"""",""city"":"""",""postal_code"":"""",""state"":"""",""country"":""""}",null,null,null,
WcUVaeOJCf2Bvr0PicCX4Qk,,Maida Trattoria,,"100 N College Ave, Fort Collins, CO 80524, United States",{},null,https://www.maidatrattoria.com/,+1970-818-2117,85GPHWPF+V8,273,4.400000,null,40.587241,-105.076707,,,,,,America/Denver,,0x87694b57b0af2f73:0xadcfbd9d16b83b35,null,null,null,"{""link"":"""",""source"":""""}","{""id"":"""",""name"":"""",""link"":""""}","{""borough"":"""",""street"":"""",""city"":"""",""postal_code"":"""",""state"":"""",""country"":""""}",null,null,null,
WcUVaeOJCf2Bvr0PicCX4Qk,,Sugar Salt Sand,,"125 S College Ave, Fort Collins, CO 80524, United States",{},null,https://sugarsaltsand.com/,+1970-413-7435,85GPHWPF+H2,181,4.100000,null,40.586442,-105.077499,,,,,,America/Denver,,0x87694bfef0d60dc1:0x8d82b7be55013815,null,null,null,"{""link"":"""",""source"":""""}","{""id"":"""",""name"":"""",""link"":""""}","{""borough"":"""",""street"":"""",""city"":"""",""postal_code"":"""",""state"":"""",""country"":""""}",null,null,null,
WcUVaeOJCf2Bvr0PicCX4Qk,,Sonny Lubick Steakhouse,,"115 S College Ave, Fort Collins, CO 80524, United States",{},null,https://www.sonnylubicksteakhouse.com/,+1970-484-9200,85GPHWPF+J3,546,4.300000,null,40.586603,-105.077275,,,,,,America/Denver,,0x87694af5365bc1e5:0xb4223995c7529eec,null,null,null,"{""link"":"""",""source"":""""}","{""id"":"""",""name"":"""",""link"":""""}","{""borough"":"""",""street"":"""",""city"":"""",""postal_code"":"""",""state"":"""",""country"":""""}",null,null,null,
WcUVaeOJCf2Bvr0PicCX4Qk,,Blue Agave Grill,,"201 S College Ave, Fort Collins, CO 80524, United States",{},null,http://ftcollins.blueagavegrillcolorado.com/,+1970-631-8076,85GPHWPF+52,2550,4.500000,null,40.585429,-105.077395,,,,,,America/Denver,,0x87694af512dd2059:0xe651aa6521760ee6,null,null,null,"{""link"":"""",""source"":""""}","{""id"":"""",""name"":"""",""link"":""""}","{""borough"":"""",""street"":"""",""city"":"""",""postal_code"":"""",""state"":"""",""country"":""""}",null,null,null,
WcUVaeOJCf2Bvr0PicCX4Qk,,Junz,,"11211 Dransfeldt Rd # 100, Parker, CO 80134, United States",{},null,https://www.junzparker.com/?utm_source=google-gmb-maps&utm_medium=gmb-website-button&utm_campaign=locl.io&utm_content=5574634c-3ef9-4f11-8e8d-f94aa014e446,+1720-851-1005,85FQG67H+2Q,487,4.400000,null,39.512566,-104.770542,,,,,,America/Denver,,0x876c91e8c6d9c501:0x4e323e44f5249d29,null,null,null,"{""link"":"""",""source"":""""}","{""id"":"""",""name"":"""",""link"":""""}","{""borough"":"""",""street"":"""",""city"":"""",""postal_code"":"""",""state"":"""",""country"":""""}",null,null,null,
