input_id,link,title,category,address,open_hours,popular_times,website,phone,plus_code,review_count,review_rating,reviews_per_rating,latitude,longitude,cid,status,descriptions,reviews_link,thumbnail,timezone,price_range,data_id,images,reservations,order_online,menu,owner,complete_address,about,user_reviews,user_reviews_extended,emails
NcMVab-VO4O94-EP4uqG-Ag,,Hong’s Noodle & Dumpling Bar,,"5 Earle St, Crewe, CW1 2BS, United Kingdom",{},null,https://hongsbar.wixsite.com/hongsbar,+441270395328,9C5V3HX5+9P,187,4.800000,null,53.098491,-2.440696,,,,,,Europe/London,,0x487a5fd9383c2095:0x83d7110ecc404cef,null,null,null,"{""link"":"""",""source"":""""}","{""id"":"""",""name"":"""",""link"":""""}","{""borough"":"""",""street"":"""",""city"":"""",""postal_code"":"""",""state"":"""",""country"":""""}",null,null,null,
NcMVab-VO4O94-EP4uqG-Ag,,Noodle Gurus,,"Unit B, Market Hall, 27 Earle St, Crewe CW1 2BL, United Kingdom",{},null,,,9C5V3HX6+H4,50,4.500000,null,53.098915,-2.439725,,,,,,Europe/London,,0x487a5ffe9d4e858f:0xcb6b2c44bce59dbd,null,null,null,"{""link"":"""",""source"":""""}","{""id"":"""",""name"":"""",""link"":""""}","{""borough"":"""",""street"":"""",""city"":"""",""postal_code"":"""",""state"":"""",""country"":""""}",null,null,null,
NcMVab-VO4O94-EP4uqG-Ag,,White Lotus Goomet,,"112-114 Nantwich Rd, Crewe, CW2 6AT, United Kingdom",{},null,https://whitelotusrestaurant.co.uk/10Pg,+441270277676,9C5V3HQ5+7G,172,4.000000,null,53.088201,-2.441137,,,,,,Europe/London,,0x487af5f59d00d871:0xb0f3c6ad46dedf50,null,null,null,"{""link"":"""",""source"":""""}","{""id"":"""",""name"":"""",""link"":""""}","{""borough"":"""",""street"":"""",""city"":"""",""postal_code"":"""",""state"":"""",""country"":""""}",null,null,null,
NcMVab-VO4O94-EP4uqG-Ag,,P&C Thai Taste,,"88 Nantwich Rd, Crewe, CW2 6AT, United Kingdom",{},null,http://thaitastenoodlebar.co.uk/,+441270747279,9C5V3HQ5+9X,411,4.700000,null,53.088444,-2.440122,,,,,,Europe/London,,0x487a5f5f7c2835df:0xc34a592e6bdc680b,null,null,null,"{""link"":"""",""source"":""""}","{""id"":"""",""name"":"""",""link"":""""}","{""borough"":"""",""street"":"""",""city"":"""",""postal_code"":"""",""state"":"""",""country"":""""}",null,null,null,
NcMVab-VO4O94-EP4uqG-Ag,,Chozen Noodle,,"M6 between Junctions 16 and 17 Southbound Sandbach Services, M6, Sandbach, CW11 2FZ, United Kingdom",{},null,http://www.chozen.co.uk/,+442083370643,9C5V4MQ7+RJ,39,3.400000,null,53.139514,-2.335935,,,,,,Europe/London,,0x487a5973bfcf4e0f:0x698cda873921a9f3,null,null,null,"{""link"":"""",""source"":""""}","{""id"":"""",""name"":"""",""link"":""""}","{""borough"":"""",""street"":"""",""city"":"""",""postal_code"":"""",""state"":"""",""country"":""""}",null,null,null,
NcMVab-VO4O94-EP4uqG-Ag,,Win Noodle & Vegan Chinese Takeaway,,"6A Regent St, Runcorn, WA7 1LJ, United Kingdom",{},null,https://www.winnoodle-chinese.co.uk/,+441928574585,9C5V87V7+2W,146,3.800000,null,53.342505,-2.735190,,,,,,Europe/London,,0x487ae266a3ceb1af:0xaf1d44b6dcfd70f8,null,null,null,"{""link"":"""",""source"":""""}","{""id"":"""",""name"":"""",""link"":""""}","{""borough"":"""",""street"":"""",""city"":"""",""postal_code"":"""",""state"":"""",""country"":""""}",null,null,null,
N8MVaZ5vkJnj4Q_WhZGoDw,,Flames Fast Food,,"24 West St, Crewe, CW1 3HA, United Kingdom",{},null,https://flamescrewe.com/,+441270501116,9C5V4H22+C7,70,3.300000,null,53.101099,-2.449267,,,,,,Europe/London,,0x487af5fbf41f9ed3:0xf5438bdced29d04b,null,null,null,"{""link"":"""",""source"":""""}","{""id"":"""",""name"":"""",""link"":""""}","{""borough"":"""",""street"":"""",""city"":"""",""postal_code"":"""",""state"":"""",""country"":""""}",null,null,null,
N8MVaZ5vkJnj4Q_WhZGoDw,,McDonald's,,"Wharton Retail Park, Nat Ln, Winsford CW7 3BS, United Kingdom",{},null,https://www.mcdonalds.com/gb/en-gb.html?cid=RF:YEXT:GMB:8260818:Clicks:DIRSYN:,+441606550127,9C5V5FXP+5G,1819,3.500000,null,53.197936,-2.513718,,,,,,Europe/London,,0x487af9d0be6bb9c7:0xb0ed8f7fdb06a2ff,null,null,null,"{""link"":"""",""source"":""""}","{""id"":"""",""name"":"""",""link"":""""}","{""borough"":"""",""street"":"""",""city"":"""",""postal_code"":"""",""state"":"""",""country"":""""}",null,null,null,
N8MVaZ5vkJnj4Q_WhZGoDw,,Taco Bell,,"Phoenix Leisure Park, Dunwoody Way, Crewe CW1 3AJ, United Kingdom",{},null,https://www.tacobell.co.uk/,+441270322695,9C5V3HW3+CX,334,3.400000,null,53.096073,-2.445094,,,,,,Europe/London,,0x487af5006854b41f:0x6781f9814506e76,null,null,null,"{""link"":"""",""source"":""""}","{""id"":"""",""name"":"""",""link"":""""}","{""borough"":"""",""street"":"""",""city"":"""",""postal_code"":"""",""state"":"""",""country"":""""}",null,null,null,
N8MVaZ5vkJnj4Q_WhZGoDw,,Audley Fast Food,,"58 Church St, Audley, Stoke-on-Trent ST7 8DA, United Kingdom",{},null,https://audleyfastfood.co.uk/xZ7r,+441782723319,9C5V3M3X+C5,170,4.300000,null,53.053555,-2.302125,,,,,,Europe/London,,0x487a5db99bf4ffd9:0x454ace2337e3907c,null,null,null,"{""link"":"""",""source"":""""}","{""id"":"""",""name"":"""",""link"":""""}","{""borough"":"""",""street"":"""",""city"":"""",""postal_code"":"""",""state"":"""",""country"":""""}",null,null,null,
N8MVaZ5vkJnj4Q_WhZGoDw,,Clay Oven Fast Food,,"12 Drayton St, Newcastle-under-Lyme, Newcastle ST5 2TW, United Kingdom",{},null,https://clayovenfastfood.co.uk/storemenu?utm_source=GMB&utm_medium=7684&utm_content=from_csd,+441782717022,9C5V2Q58+9C,245,4.000000,null,53.008378,-2.233887,,,,,,Europe/London,,0x487a67e69f597671:0x35b7fefc60c59e06,null,null,null,"{""link"":"""",""source"":""""}","{""id"":"""",""name"":"""",""link"":""""}","{""borough"":"""",""street"":"""",""city"":"""",""postal_code"":"""",""state"":"""",""country"":""""}",null,null,null,
OMMVaffSEOmZ4-EPsoi2oA4,,"Tollemache Arms, Alpraham",,"A51, Alpraham, Tarporley CW6 9JE, United Kingdom",{},null,http://www.tollemachearmsalpraham.co.uk/,+441829261716,9C5V49JJ+66,884,4.600000,null,53.130547,-2.619442,,,,,,Europe/London,,0x487af1afdd3516b5:0xfcc8d43d92a63e18,null,null,null,"{""link"":"""",""source"":""""}","{""id"":"""",""name"":"""",""link"":""""}","{""borough"":"""",""street"":"""",""city"":"""",""postal_code"":"""",""state"":"""",""country"":""""}",null,null,null,
OMMVaffSEOmZ4-EPsoi2oA4,,The Badger Inn,,"Cross Ln, Church Minshull, Nantwich CW5 6DY, United Kingdom",{},null,http://www.badgerinn.co.uk/,+441270522348,9C5V4FRX+FM,1012,4.500000,null,53.141141,-2.500805,,,,,,Europe/London,,0x487af6f99883ef19:0xa56bb9fdebbc7fb2,null,null,null,"{""link"":"""",""source"":""""}","{""id"":"""",""name"":"""",""link"":""""}","{""borough"":"""",""street"":"""",""city"":"""",""postal_code"":"""",""state"":"""",""country"":""""}",null,null,null,
OMMVaffSEOmZ4-EPsoi2oA4,,The Restaurant at Rookery Hall,,"Main Rd, Nantwich, CW5 6DQ, United Kingdom",{},null,https://www.handpickedhotels.co.uk/rookeryhall/eat-drink/our-services/the-restaurant,+441270610016,9C5V3FXR+M5,17,4.600000,null,53.099154,-2.509620,,,,,,Europe/London,,0x487af425ccab9859:0xfd62c0c3308e145e,null,null,null,"{""link"":"""",""source"":""""}","{""id"":"""",""name"":"""",""link"":""""}","{""borough"":"""",""street"":"""",""city"":"""",""postal_code"":"""",""state"":"""",""country"":""""}",null,null,null,
OMMVaffSEOmZ4-EPsoi2oA4,,Cheshire Grill Country Pub & Steakhouse,,"Holmes Chapel Road, Northwich, CW9 7SY, United Kingdom",{},null,http://www.grill.co.uk/cheshire,+44160641100,9C5V6HV4+QJ,1182,4.400000,null,53.244449,-2.443428,,,,,,Europe/London,,0x487a562fb24f492b:0x962487b809f182a3,null,null,null,"{""link"":"""",""source"":""""}","{""id"":"""",""name"":"""",""link"":""""}","{""borough"":"""",""street"":"""",""city"":"""",""postal_code"":"""",""state"":"""",""country"":""""}",null,null,null,
OsMVadSmD5KUjuMP25LM4AQ,,The Little Man Inn,,"Winsford Rd, Winsford, CW7 4DL, United Kingdom",{},null,,+441270528624,9C5V4CPV+V5,92,4.300000,null,53.137169,-2.557054,,,,,,Europe/London,,0x487af1317cdb888b:0xd93acf9154135626,null,null,null,"{""link"":"""",""source"":""""}","{""id"":"""",""name"":"""",""link"":""""}","{""borough"":"""",""street"":"""",""city"":"""",""postal_code"":"""",""state"":"""",""country"":""""}",null,null,null,
OsMVadSmD5KUjuMP25LM4AQ,,The Old Star,,"Swanlow Ln, Winsford, CW7 4BL, United Kingdom",{},null,http://www.the-old-star.co.uk/,+441606556557,9C5V5FJC+63,406,4.700000,null,53.180594,-2.529854,,,,,,Europe/London,,0x487af75cec7d5b0b:0x152468973aee5fad,null,null,null,"{""link"":"""",""source"":""""}","{""id"":"""",""name"":"""",""link"":""""}","{""borough"":"""",""street"":"""",""city"":"""",""postal_code"":"""",""state"":"""",""country"":""""}",null,null,null,
OsMVadSmD5KUjuMP25LM4AQ,,Cestrian Bars Ltd.,,"7, Leslie Road Woodford Park Industrial Estate, Winsford CW7 2RB, United Kingdom",{},null,http://www.cestrianbars.com/,+447862203066,9C5V5CMW+MG,12,4.700000,null,53.184248,-2.553635,,,,,,Europe/London,,0x487af0acb4434799:0x55b4702c5a869abb,null,null,null,"{""link"":"""",""source"":""""}","{""id"":"""",""name"":"""",""link"":""""}","{""borough"":"""",""street"":"""",""city"":"""",""postal_code"":"""",""state"":"""",""country"":""""}",null,null,null,
OsMVadSmD5KUjuMP25LM4AQ,,The Delamere St Dog,,"1-3 Delamere St, Winsford, CW7 2LX, United Kingdom",{},null,https://salty-dog.co.uk/the-delamere-st-dog,,9C5V5FQ5+VV,46,4.700000,null,53.189661,-2.540364,,,,,,Europe/London,,0x487af7a781351973:0x2d29b9369e42ce5,null,null,null,"{""link"":"""",""source"":""""}","{""id"":"""",""name"":"""",""link"":""""}","{""borough"":"""",""street"":"""",""city"":"""",""postal_code"":"""",""state"":"""",""country"":""""}",null,null,null,
OsMVadSmD5KUjuMP25LM4AQ,,Bar No.4,,"4, 4a Delamere St, Winsford CW7 2LS, United Kingdom",{},null,,+441606550835,9C5V5FQ6+V2,152,4.500000,null,53.189749,-2.539979,,,,,,Europe/London,,0x487af75818461651:0x84ec9c6155c34724,null,null,null,"{""link"":"""",""source"":""""}","{""id"":"""",""name"":"""",""link"":""""}","{""borough"":"""",""street"":"""",""city"":"""",""postal_code"":"""",""state"":"""",""country"":""""}",null,null,null,
O8MVaZJytp7j4Q_gipGgCg,,The Calveley Mill Shop & Cafe,,"Calveley Mill, Nantwich Rd, Calveley, Tarporley CW6 9JW, United Kingdom",{},null,https://jsbaileycheese.co.uk/cafe-shop/,+441829260667,9C5V49FR+2R,219,4.500000,null,53.122537,-2.607886,,,,,,Europe/London,,0x487af139a51a106f:0xb55b7ea7fdde05a3,null,null,null,"{""link"":"""",""source"":""""}","{""id"":"""",""name"":"""",""link"":""""}","{""borough"":"""",""street"":"""",""city"":"""",""postal_code"":"""",""state"":"""",""country"":""""}",null,null,null,
O8MVaZJytp7j4Q_gipGgCg,,The Waterfront Cafe at Aqueduct Marina,,"Aqueduct Marina, Cheshire, Nantwich CW5 6DX, United Kingdom",{},null,https://www.aqueductmarina.co.uk/cafe/,+441270525040,9C5V4FFR+22,209,4.400000,null,53.122598,-2.509911,,,,,,Europe/London,,0x487af6923bc39f73:0x96fbd83cc04fa703,null,null,null,"{""link"":"""",""source"":""""}","{""id"":"""",""name"":"""",""link"":""""}","{""borough"":"""",""street"":"""",""city"":"""",""postal_code"":"""",""state"":"""",""country"":""""}",null,null,null,
O8MVaZJytp7j4Q_gipGgCg,,The Coffee House Winsford,,"10-12 Jubilee Way, Winsford, CW7 1BG, United Kingdom",{},null,http://www.coffeehouseonline.co.uk/,+441612505848,9C5V5FRC+GV,122,4.600000,null,53.191283,-2.527778,,,,,,Europe/London,,0x487af706ef2980b1:0xfba2e78b72927a3b,null,null,null,"{""link"":"""",""source"":""""}","{""id"":"""",""name"":"""",""link"":""""}","{""borough"":"""",""street"":"""",""city"":"""",""postal_code"":"""",""state"":"""",""country"":""""}",null,null,null,
O8MVaZJytp7j4Q_gipGgCg,,Premier Cafe,,"Premier Cafe Winsford Industrial Est, 4 Rd Five, Winsford CW7 3QX, United Kingdom",{},null,,+447518865051,9C5V5GW5+88,73,4.400000,null,53.195837,-2.491638,,,,,,Europe/London,,0x487af9d106b2bd7d:0x76e765dd4f71a6a,null,null,null,"{""link"":"""",""source"":""""}","{""id"":"""",""name"":"""",""link"":""""}","{""borough"":"""",""street"":"""",""city"":"""",""postal_code"":"""",""state"":"""",""country"":""""}",null,null,null,
O8MVaZJytp7j4Q_gipGgCg,,Station House Cafe,,"Clay Ln, Whitegate, Winsford CW7 2QE, United Kingdom",{},null,https://whitegatestation.org.uk/,+441606889567,9C5V6C5C+2R,285,4.600000,null,53.207560,-2.577924,,,,,,Europe/London,,0x487afa1468b7079f:0xecf72818e07895b0,null,null,null,"{""link"":"""",""source"":""""}","{""id"":"""",""name"":"""",""link"":""""}","{""borough"":"""",""street"":"""",""city"":"""",""postal_code"":"""",""state"":"""",""country"":""""}",null,null,null,
O8MVaZJytp7j4Q_gipGgCg,,Fourways Cafe And Grill,,"Oakmere, Northwich, CW8 2HU, United Kingdom",{},null,https://lominu.com/fourways-cafe-and-grill-224506-web,+441606883649,9C5V6972+VG,344,4.300000,null,53.214684,-2.648750,,,,,,Europe/London,,0x487afac8a4be9cf3:0xeb20f9ecb20f1c81,null,null,null,"{""link"":"""",""source"":""""}","{""id"":"""",""name"":"""",""link"":""""}","{""borough"":"""",""street"":"""",""city"":"""",""postal_code"":"""",""state"":"""",""country"":""""}",null,null,null,
O8MVacTnLNKP4-EPgbae6Q0,,Edencroft Fine Wines,,"The Paper Place, 8-10 Hospital St, Nantwich CW5 5RJ, United Kingdom",{},null,,+441270629975,9C5V3F8H+GF,19,4.800000,null,53.066278,-2.521332,,,,,,Europe/London,,0x487af461406ae213:0x781f8444d7f275f3,null,null,null,"{""link"":"""",""source"":""""}","{""id"":"""",""name"":"""",""link"":""""}","{""borough"":"""",""street"":"""",""city"":"""",""postal_code"":"""",""state"":"""",""country"":""""}",null,null,null,
O8MVacTnLNKP4-EPgbae6Q0,,The Beer Trading Company,,"Unit C, Sheriff House, Nantwich Rd, Middlewich CW10 0LH, United Kingdom",{},null,http://www.beertrading.co.uk/,+441606841467,9C5V5GMP+JX,8,4.900000,null,53.184006,-2.462567,,,,,,Europe/London,,0x487af7f0802146f7:0x3d881502bdd4d08f,null,null,null,"{""link"":"""",""source"":""""}","{""id"":"""",""name"":"""",""link"":""""}","{""borough"":"""",""street"":"""",""city"":"""",""postal_code"":"""",""state"":"""",""country"":""""}",null,null,null,
O8MVacTnLNKP4-EPgbae6Q0,,HooGe Brands,,"Unit 1 Rd Six, Winsford, CW7 3QF, United Kingdom",{},null,https://www.hoogebrands.com/,+448001125142,9C5V6F4X+JJ,21,5.000000,null,53.206586,-2.500885,,,,,,Europe/London,,0x487af96a5ebdc747:0xa41a14a659246e10,null,null,null,"{""link"":"""",""source"":""""}","{""id"":"""",""name"":"""",""link"":""""}","{""borough"":"""",""street"":"""",""city"":"""",""postal_code"":"""",""state"":"""",""country"":""""}",null,null,null,
O8MVacTnLNKP4-EPgbae6Q0,,The Event and Exhibition Beverage Company Ltd,,"7 Dutton Grn, Chester, CH2 4SA, United Kingdom",{},null,https://www.event-beverage.com/,+441134602023,9C5V749H+W9,4,5.000000,null,53.269827,-2.871522,,,,,,Europe/London,,0x487ae1a8cd1e96c7:0xce54d7a9f91bf3df,null,null,null,"{""link"":"""",""source"":""""}","{""id"":"""",""name"":"""",""link"":""""}","{""borough"":"""",""street"":"""",""city"":"""",""postal_code"":"""",""state"":"""",""country"":""""}",null,null,null,
O8MVacTnLNKP4-EPgbae6Q0,,Beverages Direct,,"8 Skyhawk, Garston, Liverpool L19 2QR, United Kingdom",{},null,http://www.beverages-direct.co.uk/,+448709501118,9C5V84X8+96,0,0.000000,null,53.348446,-2.884489,,,,,,Europe/London,,0x487ae0076fc30c4f:0x93a0f1f7dc63b591,null,null,null,"{""link"":"""",""source"":""""}","{""id"":"""",""name"":"""",""link"":""""}","{""borough"":"""",""street"":"""",""city"":"""",""postal_code"":"""",""state"":"""",""country"":""""}",null,null,null,
PMMVaa-NI4vD4-EPuceCyQk,,The Olde Barbridge Inn,,"Old Chester Rd, Barbridge, Nantwich CW5 6AY, United Kingdom",{},null,https://www.barbridgeinn.com/,+441270439838,9C5V4C4F+GR,1556,4.400000,null,53.106301,-2.575450,,,,,,Europe/London,,0x487af16033f0fa2d:0xadc4f6af844cc791,null,null,null,"{""link"":"""",""source"":""""}","{""id"":"""",""name"":"""",""link"":""""}","{""borough"":"""",""street"":"""",""city"":"""",""postal_code"":"""",""state"":"""",""country"":""""}",null,null,null,
PMMVaa-NI4vD4-EPuceCyQk,,The Old Star,,"Swanlow Ln, Winsford, CW7 4BL, United Kingdom",{},null,http://www.the-old-star.co.uk/,+441606556557,9C5V5FJC+63,406,4.700000,null,53.180594,-2.529854,,,,,,Europe/London,,0x487af75cec7d5b0b:0x152468973aee5fad,null,null,null,"{""link"":"""",""source"":""""}","{""id"":"""",""name"":"""",""link"":""""}","{""borough"":"""",""street"":"""",""city"":"""",""postal_code"":"""",""state"":"""",""country"":""""}",null,null,null,
PMMVaa-NI4vD4-EPuceCyQk,,Tilly's Bunbury,,"Bunbury Ln, Bunbury, Tarporley CW6 9QS, United Kingdom",{},null,http://www.tillysbunbury.co.uk/,+441829261591,9C5V487X+P4,405,4.800000,null,53.114345,-2.652220,,,,,,Europe/London,,0x487aee1d6842b9a9:0x4b662cfe81515c3a,null,null,null,"{""link"":"""",""source"":""""}","{""id"":"""",""name"":"""",""link"":""""}","{""borough"":"""",""street"":"""",""city"":"""",""postal_code"":"""",""state"":"""",""country"":""""}",null,null,null,
PMMVaa-NI4vD4-EPuceCyQk,,The Drays Coffee Shop,,"Lower Ln, Eaton, Tarporley CW6 9AN, United Kingdom",{},null,https://www.facebook.com/thedrayscoffeeshop,+441829733584,9C5V5988+H9,71,4.900000,null,53.166378,-2.634051,,,,,,Europe/London,,0x487af03e36db8623:0xda8136805a0d4fdb,null,null,null,"{""link"":"""",""source"":""""}","{""id"":"""",""name"":"""",""link"":""""}","{""borough"":"""",""street"":"""",""city"":"""",""postal_code"":"""",""state"":"""",""country"":""""}",null,null,null,
PMMVaa-NI4vD4-EPuceCyQk,,The Farmhouse Beefeater,,"Coppenhall Ln, Crewe, CW2 8SD, United Kingdom",{},null,https://www.beefeater.co.uk/en-gb/locations/cheshire/the-farmhouse?cid=GLBC_40012720,+441270251126,9C5V3GW7+7W,1564,4.000000,null,53.095705,-2.485145,,,,,,Europe/London,,0x487af5da63ee4f1d:0x3edd2ceeccded2ff,null,null,null,"{""link"":"""",""source"":""""}","{""id"":"""",""name"":"""",""link"":""""}","{""borough"":"""",""street"":"""",""city"":"""",""postal_code"":"""",""state"":"""",""country"":""""}",null,null,null,
PMMVaa-NI4vD4-EPuceCyQk,,Rising Sun Inn,,"Middlewich Rd, Crewe, CW2 8SB, United Kingdom",{},null,https://www.chefandbrewer.com/pubs/cheshire/rising-sun-inn?utm_source=g_places&utm_medium=locations&utm_campaign=CB_pubpage,+441270213782,9C5V3GR6+G7,1710,4.400000,null,53.091355,-2.489273,,,,,,Europe/London,,0x487af42cc1f1d565:0x9e5e02ab9334c6e8,null,null,null,"{""link"":"""",""source"":""""}","{""id"":"""",""name"":"""",""link"":""""}","{""borough"":"""",""street"":"""",""city"":"""",""postal_code"":"""",""state"":"""",""country"":""""}",null,null,null,
PMMVaa-NI4vD4-EPuceCyQk,,"Red Lion, Little Budworth",,"Vicarage Ln, Little Budworth, Tarporley CW6 9BY, United Kingdom",{},null,https://www.robinsonsbrewery.com/pubs/red-lion-little-budworth/,+441829760275,9C5V59MX+F5,412,4.700000,null,53.183636,-2.602013,,,,,,Europe/London,,0x487af08726633711:0x76496b0265c05549,null,null,null,"{""link"":"""",""source"":""""}","{""id"":"""",""name"":"""",""link"":""""}","{""borough"":"""",""street"":"""",""city"":"""",""postal_code"":"""",""state"":"""",""country"":""""}",null,null,null,
PMMVaa-NI4vD4-EPuceCyQk,,The Treasure Horse,,"133 Minshull New Rd, Crewe, CW1 3PG, United Kingdom",{},null,,+441270253823,9C5V4G4J+5X,153,4.600000,null,53.105456,-2.467504,,,,,,Europe/London,,0x487af5e009346dc1:0x37eed41c13f3f621,null,null,null,"{""link"":"""",""source"":""""}","{""id"":"""",""name"":"""",""link"":""""}","{""borough"":"""",""street"":"""",""city"":"""",""postal_code"":"""",""state"":"""",""country"":""""}",null,null,null,
PMMVaa-NI4vD4-EPuceCyQk,,Delamere Sandwich Shop,,"94a Delamere St, Winsford, CW7 2LU, United Kingdom",{},null,,+441606552444,9C5V5FR4+HP,74,4.700000,null,53.191445,-2.543217,,,,,,Europe/London,,0x487af9fd64f76321:0x779eab38f1b861fc,null,null,null,"{""link"":"""",""source"":""""}","{""id"":"""",""name"":"""",""link"":""""}","{""borough"":"""",""street"":"""",""city"":"""",""postal_code"":"""",""state"":"""",""country"":""""}",null,null,null,
PMMVaa-NI4vD4-EPuceCyQk,,Lockgate Coffee House,,"Whitchurch Rd, Beeston, Tarporley CW6 9NJ, United Kingdom",{},null,http://lockgatecoffee.co.uk/,+441244900300,9C5V48MJ+J6,517,4.500000,null,53.134083,-2.669478,,,,,,Europe/London,,0x487aee3a8b410713:0xf0e23b93c1fcba6,null,null,null,"{""link"":"""",""source"":""""}","{""id"":"""",""name"":"""",""link"":""""}","{""borough"":"""",""street"":"""",""city"":"""",""postal_code"":"""",""state"":"""",""country"":""""}",null,null,null,
PMMVaa-NI4vD4-EPuceCyQk,,Welsh Row Fryer,,"82 Welsh Row, Nantwich, CW5 5ET, United Kingdom",{},null,,+441270626129,9C5V3F9C+4G,353,4.400000,null,53.067816,-2.528700,,,,,,Europe/London,,0x487af47b51e4d3b5:0x26b2915a15399a76,null,null,null,"{""link"":"""",""source"":""""}","{""id"":"""",""name"":"""",""link"":""""}","{""borough"":"""",""street"":"""",""city"":"""",""postal_code"":"""",""state"":"""",""country"":""""}",null,null,null,
PMMVaa-NI4vD4-EPuceCyQk,,Bench Bistro Bar Nantwich,,"35 Beam St, Nantwich, CW5 5NA, United Kingdom",{},null,http://www.benchbistrobar.co.uk/,+441270624777,9C5V3F9H+F9,485,4.500000,null,53.068735,-2.521528,,,,,,Europe/London,,0x487af54688d130e1:0x1d01e5a71fc0d15b,null,null,null,"{""link"":"""",""source"":""""}","{""id"":"""",""name"":"""",""link"":""""}","{""borough"":"""",""street"":"""",""city"":"""",""postal_code"":"""",""state"":"""",""country"":""""}",null,null,null,
PMMVaa-NI4vD4-EPuceCyQk,,Chopstix,,"33 Beam St, Nantwich, CW5 5NA, United Kingdom",{},null,http://www.chopstixnantwich.co.uk/,+441270619519,9C5V3F9H+GG,330,4.600000,null,53.068760,-2.521192,,,,,,Europe/London,,0x487af466c1718407:0xd48a5ab57e27a18b,null,null,null,"{""link"":"""",""source"":""""}","{""id"":"""",""name"":"""",""link"":""""}","{""borough"":"""",""street"":"""",""city"":"""",""postal_code"":"""",""state"":"""",""country"":""""}",null,null,null,
PMMVaa-NI4vD4-EPuceCyQk,,Deadwood Smokehouse Nantwich,,"16 Beam St, Nantwich, CW5 5LL, United Kingdom",{},null,https://www.deadwoodsmokehouse.com/,+441270914787,9C5V3F9H+85,1162,4.500000,null,53.068337,-2.522058,,,,,,Europe/London,,0x487af466ba62923f:0x81bc730834985287,null,null,null,"{""link"":"""",""source"":""""}","{""id"":"""",""name"":"""",""link"":""""}","{""borough"":"""",""street"":"""",""city"":"""",""postal_code"":"""",""state"":"""",""country"":""""}",null,null,null,
PMMVaa-NI4vD4-EPuceCyQk,,Artisan@Fruitition,,"4B Mill St, Nantwich, CW5 5ST, United Kingdom",{},null,http://www.fruititionuk.co.uk/,+441270620680,9C5V3F8G+JX,67,4.600000,null,53.066540,-2.522563,,,,,,Europe/London,,0x487af4615f45cbcf:0x6e8ba04a73657c0e,null,null,null,"{""link"":"""",""source"":""""}","{""id"":"""",""name"":"""",""link"":""""}","{""borough"":"""",""street"":"""",""city"":"""",""postal_code"":"""",""state"":"""",""country"":""""}",null,null,null,
PMMVaa-NI4vD4-EPuceCyQk,,Ginger and Pickles,,"3A Mill St, Cheshire, Nantwich, CW5 5ST, United Kingdom",{},null,https://www.gingerandpickles.co.uk/,+441270610329,9C5V3F8G+HX,380,4.400000,null,53.066477,-2.522518,,,,,,Europe/London,,0x487af4615f45cbcf:0xd0ab078e7e01b6ec,null,null,null,"{""link"":"""",""source"":""""}","{""id"":"""",""name"":"""",""link"":""""}","{""borough"":"""",""street"":"""",""city"":"""",""postal_code"":"""",""state"":"""",""country"":""""}",null,null,null,
PMMVaa-NI4vD4-EPuceCyQk,,The Wickstead Arms,,"5 Mill St, Cheshire, Nantwich, CW5 5ST, United Kingdom",{},null,http://www.wicksteadpubnantwich.co.uk/,+441270610196,9C5V3F8G+HX,666,4.600000,null,53.066429,-2.522563,,,,,,Europe/London,,0x487af4615ef06d57:0xe66adb3a40d995f5,null,null,null,"{""link"":"""",""source"":""""}","{""id"":"""",""name"":"""",""link"":""""}","{""borough"":"""",""street"":"""",""city"":"""",""postal_code"":"""",""state"":"""",""country"":""""}",null,null,null,
PMMVaa-NI4vD4-EPuceCyQk,,Olive's Cypriot Food,,"27 Earle St, Crewe, CW1 2BL, United Kingdom",{},null,https://www.olivesfood.co.uk/,+447340846405,9C5V3HX6+H4,68,4.200000,null,53.098915,-2.439725,,,,,,Europe/London,,0x487a5f50b87c8b4f:0xd0f788fe9d4c4212,null,null,null,"{""link"":"""",""source"":""""}","{""id"":"""",""name"":"""",""link"":""""}","{""borough"":"""",""street"":"""",""city"":"""",""postal_code"":"""",""state"":"""",""country"":""""}",null,null,null,
PMMVaa-NI4vD4-EPuceCyQk,,Ayubowan Street Food - Crewe,,"27 Earle St, Crewe, CW1 2BL, United Kingdom",{},null,https://www.ayubowanstreetfood.co.uk/,,9C5V3HX6+H4,23,4.800000,null,53.098915,-2.439725,,,,,,Europe/London,,0x487a5f7143b84dd5:0xa2b605b83b96e746,null,null,null,"{""link"":"""",""source"":""""}","{""id"":"""",""name"":"""",""link"":""""}","{""borough"":"""",""street"":"""",""city"":"""",""postal_code"":"""",""state"":"""",""country"":""""}",null,null,null,
PMMVaa-NI4vD4-EPuceCyQk,,Define Food & Wine,,"2 School Ln, Sandiway, Northwich CW8 2NH, United Kingdom",{},null,https://www.definefoodandwine.com/,+441606882101,9C5V6CJ4+C6,299,4.700000,null,53.231111,-2.594444,,,,,,Europe/London,,0x487afa4d2363d33b:0x4581814850c33682,null,null,null,"{""link"":"""",""source"":""""}","{""id"":"""",""name"":"""",""link"":""""}","{""borough"":"""",""street"":"""",""city"":"""",""postal_code"":"""",""state"":"""",""country"":""""}",null,null,null,
