input_id,link,title,category,address,open_hours,popular_times,website,phone,plus_code,review_count,review_rating,reviews_per_rating,latitude,longitude,cid,status,descriptions,reviews_link,thumbnail,timezone,price_range,data_id,images,reservations,order_online,menu,owner,complete_address,about,user_reviews,user_reviews_extended,emails
28UVaZapJfy9vr0PpJuNqQI,,Cafe Như Quỳnh,,"MMC5+4V6, ĐT212, Hùng Thắng, Tiên Lãng, Hải Phòng, Vietnam",{},null,,+84934655534,7PG8MMC5+4V,0,0.000000,null,20.670289,106.659634,,,,,,Asia/Saigon,,0x314a733c3c33b72f:0xa12ac6b1d9f1a839,null,null,null,"{""link"":"""",""source"":""""}","{""id"":"""",""name"":"""",""link"":""""}","{""borough"":"""",""street"":"""",""city"":"""",""postal_code"":"""",""state"":"""",""country"":""""}",null,null,null,
28UVaZapJfy9vr0PpJuNqQI,,THINK COFFEE WORKSHOP,,"189 Lý Thánh Tông, Hải Sơn, Đồ Sơn, Hải Phòng 187106, Vietnam",{},null,https://facebook.com/thinkcoffeeworkshop,+84945466555,7PG8PQ7M+V8,387,4.800000,null,20.714649,106.783302,,,,,,Asia/Saigon,,0x314a6d997c0c097d:0x12731f6e35797df6,null,null,null,"{""link"":"""",""source"":""""}","{""id"":"""",""name"":"""",""link"":""""}","{""borough"":"""",""street"":"""",""city"":"""",""postal_code"":"""",""state"":"""",""country"":""""}",null,null,null,
28UVaZapJfy9vr0PpJuNqQI,,Landzone Coffee,,"Vinhomes Marina, Lê Chân, Hải Phòng 184300, Vietnam",{},null,http://landzone.vn/,+84904247247,7PG8RMCR+WF,70,4.700000,null,20.822321,106.691149,,,,,,Asia/Saigon,,0x314a71cac9c17a39:0xa5c2becd8b2d2fe5,null,null,null,"{""link"":"""",""source"":""""}","{""id"":"""",""name"":"""",""link"":""""}","{""borough"":"""",""street"":"""",""city"":"""",""postal_code"":"""",""state"":"""",""country"":""""}",null,null,null,
28UVaZapJfy9vr0PpJuNqQI,,Rose Garden Coffee ( Cafe vườn Hồng ),,"Đường quanh hồ Phương Lưu, Đông Hải 1, Hải An, Hải Phòng, Vietnam",{},null,,+84986652600,7PG8RPX7+PG,93,4.400000,null,20.849303,106.713769,,,,,,Asia/Saigon,,0x314a7b401d6d10df:0x20c8cc5fe747d8e0,null,null,null,"{""link"":"""",""source"":""""}","{""id"":"""",""name"":"""",""link"":""""}","{""borough"":"""",""street"":"""",""city"":"""",""postal_code"":"""",""state"":"""",""country"":""""}",null,null,null,
28UVaZapJfy9vr0PpJuNqQI,,Muse Coffee & Pastry Hai Phong,,"61 P. Trần Quang Khải, Quang Trung, Hồng Bàng, Hải Phòng 04100, Vietnam",{},null,https://www.facebook.com/musecafebistrohp,+84936862804,7PG8VM5J+W2,470,4.700000,null,20.859844,106.680072,,,,,,Asia/Saigon,,0x314a7b287556a7ad:0x9642931010e6bf37,null,null,null,"{""link"":"""",""source"":""""}","{""id"":"""",""name"":"""",""link"":""""}","{""borough"":"""",""street"":"""",""city"":"""",""postal_code"":"""",""state"":"""",""country"":""""}",null,null,null,
28UVaZapJfy9vr0PpJuNqQI,,Alien Coffee,,"Vinhomes Imperia mặt, 06 Cầu Bính, Thượng Lý, Hồng Bàng, Hải Phòng, Vietnam",{},null,https://www.facebook.com/profile.php?id=100092317696139&mibextid=ZbWKwL,+84906179089,7PG8VM86+4X,57,4.800000,null,20.865280,106.662414,,,,,,Asia/Saigon,,0x314a7bd6499f99f9:0x5e612007b3129842,null,null,null,"{""link"":"""",""source"":""""}","{""id"":"""",""name"":"""",""link"":""""}","{""borough"":"""",""street"":"""",""city"":"""",""postal_code"":"""",""state"":"""",""country"":""""}",null,null,null,
28UVaZapJfy9vr0PpJuNqQI,,Café Gầm Cầu,,"Làng Trạm, Long Biên, Hà Nội, Vietnam",{},null,,,7PH72VFV+5C,3,5.000000,null,21.022941,105.893600,,,,,,Asia/Saigon,,0x3135a943d7fc7913:0x5e908cd51410ff,null,null,null,"{""link"":"""",""source"":""""}","{""id"":"""",""name"":"""",""link"":""""}","{""borough"":"""",""street"":"""",""city"":"""",""postal_code"":"""",""state"":"""",""country"":""""}",null,null,null,
28UVaZapJfy9vr0PpJuNqQI,,HI Cafe,,"202 16/29 Đ. Cổ Linh, Long Biên, Hà Nội, Vietnam",{},null,,+84826139131,7PH72VGV+HJ,22,4.500000,null,21.026461,105.894009,,,,,,Asia/Saigon,,0x3135a9bce8a46fdf:0xa38bfb79a0059838,null,null,null,"{""link"":"""",""source"":""""}","{""id"":"""",""name"":"""",""link"":""""}","{""borough"":"""",""street"":"""",""city"":"""",""postal_code"":"""",""state"":"""",""country"":""""}",null,null,null,
28UVaZapJfy9vr0PpJuNqQI,,"Nghiền Cafe Phố Trạm - Số 172 Cổ Linh, Long Biên, HN",,"172 Đ. Cổ Linh, P, Long Biên, Hà Nội, Vietnam",{},null,,+84941295555,7PH72VGV+XQ,87,4.500000,null,21.027414,105.894414,,,,,,Asia/Saigon,,0x3135a9c06326ed61:0xd5b566fe95a88a87,null,null,null,"{""link"":"""",""source"":""""}","{""id"":"""",""name"":"""",""link"":""""}","{""borough"":"""",""street"":"""",""city"":"""",""postal_code"":"""",""state"":"""",""country"":""""}",null,null,null,
28UVaZapJfy9vr0PpJuNqQI,,Cafe Nghiền,,"số 38 lô 3 Tái Định Cư Long Biên, Long Biên, Hà Nội, Vietnam",{},null,,+84904405818,7PH72VGV+XQ,2,5.000000,null,21.027440,105.894384,,,,,,Asia/Saigon,,0x3135a96a1d1597db:0xfd53c3ceafbc9656,null,null,null,"{""link"":"""",""source"":""""}","{""id"":"""",""name"":"""",""link"":""""}","{""borough"":"""",""street"":"""",""city"":"""",""postal_code"":"""",""state"":"""",""country"":""""}",null,null,null,
28UVaZapJfy9vr0PpJuNqQI,,Cafe Sen Đá,,"2 Thạch Cầu, Long Biên, Hà Nội, Vietnam",{},null,,+84969497227,7PH72VGM+49,1,5.000000,null,21.025370,105.883475,,,,,,Asia/Saigon,,0x3135a917011da8f3:0x2f3cd440366be28b,null,null,null,"{""link"":"""",""source"":""""}","{""id"":"""",""name"":"""",""link"":""""}","{""borough"":"""",""street"":"""",""city"":"""",""postal_code"":"""",""state"":"""",""country"":""""}",null,null,null,
28UVaZapJfy9vr0PpJuNqQI,,Zu zi Cafe,,"2VHP+J36, Phố, Tư Đình, Long Biên, Hà Nội, Vietnam",{},null,https://hoclaixehanoi.vn/,+84967392772,7PH72VHP+J3,26,4.200000,null,21.029036,105.885155,,,,,,Asia/Saigon,,0x3135a967a3f1ab09:0x84c0946d32a79037,null,null,null,"{""link"":"""",""source"":""""}","{""id"":"""",""name"":"""",""link"":""""}","{""borough"":"""",""street"":"""",""city"":"""",""postal_code"":"""",""state"":"""",""country"":""""}",null,null,null,
28UVaZapJfy9vr0PpJuNqQI,,Ara Billiard Cafe Nhà Vườn,,"33 Thạch Cầu, Long Biên, Hà Nội, Vietnam",{},null,,+84967573444,7PH72VCJ+52,5,5.000000,null,21.020463,105.880110,,,,,,Asia/Saigon,,0x3135a9005b084211:0xcdbaa5929a9a487c,null,null,null,"{""link"":"""",""source"":""""}","{""id"":"""",""name"":"""",""link"":""""}","{""borough"":"""",""street"":"""",""city"":"""",""postal_code"":"""",""state"":"""",""country"":""""}",null,null,null,
28UVaZapJfy9vr0PpJuNqQI,,Le Café - Coffee and Eatery,,"29 P. Lâm Hạ, Bồ Đề, Long Biên, Hà Nội 000084, Vietnam",{},null,https://www.facebook.com/profile.php?id=61553650340934&mibextid=LQQJ4d,,7PH72VPJ+PF,88,4.600000,null,21.036811,105.881246,,,,,,Asia/Saigon,,0x3135a91a7a0622d3:0xd219fbe99f9b9933,null,null,null,"{""link"":"""",""source"":""""}","{""id"":"""",""name"":"""",""link"":""""}","{""borough"":"""",""street"":"""",""city"":"""",""postal_code"":"""",""state"":"""",""country"":""""}",null,null,null,
28UVaZapJfy9vr0PpJuNqQI,,Sunset cafe,,"HC Golden city, Liền kề 23, khu đô thị, Hoàn Kiếm, Hà Nội, Vietnam",{},null,http://sunsetvietnam.vn/,+84925686699,7PH72VQG+VM,132,4.800000,null,21.039634,105.876716,,,,,,Asia/Saigon,,0x3135a928e3010acd:0xb4117e05c9afca0f,null,null,null,"{""link"":"""",""source"":""""}","{""id"":"""",""name"":"""",""link"":""""}","{""borough"":"""",""street"":"""",""city"":"""",""postal_code"":"""",""state"":"""",""country"":""""}",null,null,null,
28UVaZapJfy9vr0PpJuNqQI,,Tenement Coffee and Wine Bar,,"1B Lê Phụng Hiểu Hà Nội Hanoi City, 1B P. Lê Phụng Hiểu, Tràng Tiền, Hoàn Kiếm, Hà Nội, Vietnam",{},null,https://instagram.com/tenement_alley?igshid=MzRlODBiNWFlZA==,+84866555307,7PH72VG5+CC,719,4.900000,null,21.026087,105.858531,,,,,,Asia/Saigon,,0x3135ab60c2d52de5:0x91201e05d17a9bfa,null,null,null,"{""link"":"""",""source"":""""}","{""id"":"""",""name"":"""",""link"":""""}","{""borough"":"""",""street"":"""",""city"":"""",""postal_code"":"""",""state"":"""",""country"":""""}",null,null,null,
28UVaZapJfy9vr0PpJuNqQI,,Hidden Gem Cafe Hanoi,,"1 Hàng Mắm, Phố cổ Hà Nội, Hoàn Kiếm, Hà Nội 10000, Vietnam",{},null,https://www.instagram.com/hiddengemcoffeehanoi?igsh=dHRqZzBwMnF2YTB3,+84962011540,7PH72VM4+F3,3335,4.800000,null,21.033745,105.855191,,,,,,Asia/Saigon,,0x3135ab22da9ec48d:0x8c6411cf507e6c76,null,null,null,"{""link"":"""",""source"":""""}","{""id"":"""",""name"":"""",""link"":""""}","{""borough"":"""",""street"":"""",""city"":"""",""postal_code"":"""",""state"":"""",""country"":""""}",null,null,null,
28UVaZapJfy9vr0PpJuNqQI,,C.O.C Legacy Specialty Coffee,,"84 P. Hàng Bạc, Hàng Đào, Hoàn Kiếm, Hà Nội 11011, Vietnam",{},null,http://www.coccoffee.vn/,+84876775636,7PH72VM2+JP,1718,4.900000,null,21.034049,105.851807,,,,,,Asia/Saigon,,0x3135ab34b7240fab:0xf23e49221b90ced4,null,null,null,"{""link"":"""",""source"":""""}","{""id"":"""",""name"":"""",""link"":""""}","{""borough"":"""",""street"":"""",""city"":"""",""postal_code"":"""",""state"":"""",""country"":""""}",null,null,null,
28UVaZapJfy9vr0PpJuNqQI,,Blackbird Coffee,,"5 P. Chân Cầm, Hàng Trống, Hoàn Kiếm, Hà Nội, Vietnam",{},null,http://www.facebook.com/blackbirdcoffeevn,+84389513053,7PH72RJX+4C,1007,4.600000,null,21.030318,105.848513,,,,,,Asia/Saigon,,0x3135ab4ceeff3cbb:0xca4f0cd2de5c07dc,null,null,null,"{""link"":"""",""source"":""""}","{""id"":"""",""name"":"""",""link"":""""}","{""borough"":"""",""street"":"""",""city"":"""",""postal_code"":"""",""state"":"""",""country"":""""}",null,null,null,
28UVaZapJfy9vr0PpJuNqQI,,Coffee Nang,,"27 P. Đồng Xuân, Hàng Mã, Hoàn Kiếm, Hà Nội, Vietnam",{},null,https://www.facebook.com/share/19DxfqKegk/?mibextid=wwXIfr,,7PH72RPX+RQ,569,4.900000,null,21.037022,105.849482,,,,,,Asia/Saigon,,0x3135ab0245bf4613:0x8eab9cb5ddc4c25b,null,null,null,"{""link"":"""",""source"":""""}","{""id"":"""",""name"":"""",""link"":""""}","{""borough"":"""",""street"":"""",""city"":"""",""postal_code"":"""",""state"":"""",""country"":""""}",null,null,null,
3MUVadahEOj71e8P1-zMiA8,,탄탄면공방 하이퐁 이온몰점 (Tantan Noodles Kitchen AEON Mall Hai Phong),,"Phường Kênh Dương quận Lê Chân, thành phố, Haiphong City, Hải Phòng 04717, Vietnam",{},null,https://www.facebook.com/tantannoodlesvn,+84942056093,7PG8RMJM+P4,63,4.500000,null,20.831768,106.682774,,,,,,Asia/Saigon,,0x314a71f951575e67:0xe6e15a2990d697f9,null,null,null,"{""link"":"""",""source"":""""}","{""id"":"""",""name"":"""",""link"":""""}","{""borough"":"""",""street"":"""",""city"":"""",""postal_code"":"""",""state"":"""",""country"":""""}",null,null,null,
3MUVadahEOj71e8P1-zMiA8,,Umai Ramen,,"27 P. Bạch Thái Bưởi, Đằng Giang, Ngô Quyền, Hải Phòng, Vietnam",{},null,,+84398514325,7PG8RMRX+95,94,4.700000,null,20.840922,106.697985,,,,,,Asia/Saigon,,0x314a7b1d80afa4f5:0x3576fef550d652c,null,null,null,"{""link"":"""",""source"":""""}","{""id"":"""",""name"":"""",""link"":""""}","{""borough"":"""",""street"":"""",""city"":"""",""postal_code"":"""",""state"":"""",""country"":""""}",null,null,null,
3MUVadahEOj71e8P1-zMiA8,,Tiệm Quán - Mỳ Hoành Thánh Quảng Đông,,"49b P. Trần Quốc Toản, Trần Hưng Đạo, Hoàn Kiếm, Hà Nội 100000, Vietnam",{},null,,+84946804388,7PH72R9X+W8,73,4.800000,null,21.019858,105.848299,,,,,,Asia/Saigon,,0x3135ab002b8a606d:0x6ae53389cadaaf28,null,null,null,"{""link"":"""",""source"":""""}","{""id"":"""",""name"":"""",""link"":""""}","{""borough"":"""",""street"":"""",""city"":"""",""postal_code"":"""",""state"":"""",""country"":""""}",null,null,null,
3MUVadahEOj71e8P1-zMiA8,,Bún chả CỘI phố cổ: Hanoi Specialty food & Vegetarian food,,"57 P. Nguyễn Hữu Huân, Lý Thái Tổ, Hoàn Kiếm, Hà Nội 100000, Vietnam",{},null,https://www.facebook.com/profile.php?id=100087603369677&rdid=dLSzHC2a7poq1jOn&share_url=https%3A%2F%2Fwww.facebook.com%2Fshare%2F19FHiYdsMK%2F#,+84987481946,7PH72VM3+5R,1090,4.800000,null,21.032974,105.854615,,,,,,Asia/Saigon,,0x3135ab88222a3a81:0x669ad8f1feddbe8f,null,null,null,"{""link"":"""",""source"":""""}","{""id"":"""",""name"":"""",""link"":""""}","{""borough"":"""",""street"":"""",""city"":"""",""postal_code"":"""",""state"":"""",""country"":""""}",null,null,null,
3MUVadahEOj71e8P1-zMiA8,,Mỳ vằn thắn Mỳ Khô Cầu Gỗ,,"43 P. Cầu Gỗ, Hàng Bạc, Hoàn Kiếm, Hà Nội, Vietnam",{},null,,+84961135840,7PH72VJ3+R3,68,4.800000,null,21.032076,105.852722,,,,,,Asia/Saigon,,0x3135ab37b6ca9c53:0x2e6cfa1a1b4be74e,null,null,null,"{""link"":"""",""source"":""""}","{""id"":"""",""name"":"""",""link"":""""}","{""borough"":"""",""street"":"""",""city"":"""",""postal_code"":"""",""state"":"""",""country"":""""}",null,null,null,
3MUVadahEOj71e8P1-zMiA8,,Hanoi Corner Restaurant,,"45 P. Hàng Bạc, Hàng Bạc, Hoàn Kiếm, Hà Nội 11011, Vietnam",{},null,https://business.google.com/v/hanoi-corner-restaurant/017088824524028992656/a2a3/_?caid=20726055293&agid=157371530777&gclid=CjwKCAiAxKy5BhBbEiwAYiW--xq-cgYnFxtpX0ywp2uYmEQmzYQ9jbQbvD-8R4hE8VJwWnjd0CF0fhoCzbAQAvD_BwE,+84862370386,7PH72VM3+G6,6925,4.900000,null,21.033774,105.853007,,,,,,Asia/Saigon,,0x3135bdd1fd341f95:0x34c17afcdfe4b1a2,null,null,null,"{""link"":"""",""source"":""""}","{""id"":"""",""name"":"""",""link"":""""}","{""borough"":"""",""street"":"""",""city"":"""",""postal_code"":"""",""state"":"""",""country"":""""}",null,null,null,
3MUVadahEOj71e8P1-zMiA8,,Fujian Noodles Shop,,"116 Đ. Trần Nhật Duật, Hàng Buồm, Hoàn Kiếm, Hà Nội, Vietnam",{},null,,+84933446946,7PH72VP3+8H,576,4.400000,null,21.035847,105.853975,,,,,,Asia/Saigon,,0x3135abc735a57555:0x37cad93402940609,null,null,null,"{""link"":"""",""source"":""""}","{""id"":"""",""name"":"""",""link"":""""}","{""borough"":"""",""street"":"""",""city"":"""",""postal_code"":"""",""state"":"""",""country"":""""}",null,null,null,
3MUVadahEOj71e8P1-zMiA8,,Wonton Noodles,,"9A P. Đinh Liệt, Hàng Đào, Hoàn Kiếm, Hà Nội, Vietnam",{},null,,,7PH72VJ2+XQ,165,4.500000,null,21.032479,105.851941,,,,,,Asia/Saigon,,0x3135abbf8e32c655:0xae5e3f658bab8047,null,null,null,"{""link"":"""",""source"":""""}","{""id"":"""",""name"":"""",""link"":""""}","{""borough"":"""",""street"":"""",""city"":"""",""postal_code"":"""",""state"":"""",""country"":""""}",null,null,null,
3MUVadahEOj71e8P1-zMiA8,,Noodle & Roll,,"39C P. Lý Quốc Sư, Str, Hoàn Kiếm, Hà Nội, Vietnam",{},null,,+84915613223,7PH72RHX+VP,2276,4.500000,null,21.029702,105.849254,,,,,,Asia/Saigon,,0x3135ab959bed1aa3:0x42c9fc530f0f04,null,null,null,"{""link"":"""",""source"":""""}","{""id"":"""",""name"":"""",""link"":""""}","{""borough"":"""",""street"":"""",""city"":"""",""postal_code"":"""",""state"":"""",""country"":""""}",null,null,null,
3MUVadahEOj71e8P1-zMiA8,,Sachiko - Japanese & Vietnamese Cuisine,,"54 P. Lương Văn Can, Phố cổ Hà Nội, Hoàn Kiếm, Hà Nội 100000, Vietnam",{},null,http://sachiko.vn/,+84339236923,7PH72VJ2+X6,1382,4.700000,null,21.032452,105.850554,,,,,,Asia/Saigon,,0x3135ab95db092549:0x2590312fbaa40b45,null,null,null,"{""link"":"""",""source"":""""}","{""id"":"""",""name"":"""",""link"":""""}","{""borough"":"""",""street"":"""",""city"":"""",""postal_code"":"""",""state"":"""",""country"":""""}",null,null,null,
3MUVadahEOj71e8P1-zMiA8,,Soup Beef Chicken Noodles,,"39b P. Lý Quốc Sư, Hàng Trống, Hoàn Kiếm, Hà Nội, Vietnam",{},null,,,7PH72RHX+WM,12,4.800000,null,21.029780,105.849246,,,,,,Asia/Saigon,,0x3135aba76030b5a1:0x1965f1dc1cc4952b,null,null,null,"{""link"":"""",""source"":""""}","{""id"":"""",""name"":"""",""link"":""""}","{""borough"":"""",""street"":"""",""city"":"""",""postal_code"":"""",""state"":"""",""country"":""""}",null,null,null,
3MUVadahEOj71e8P1-zMiA8,,Family pho,,"39B P. Lý Quốc Sư, Hàng Trống, Hoàn Kiếm, Hà Nội 100000, Vietnam",{},null,,,7PH72RHX+WM,223,4.800000,null,21.029780,105.849246,,,,,,Asia/Saigon,,0x3135ab1e7c04c2b5:0x3ec872052167de3d,null,null,null,"{""link"":"""",""source"":""""}","{""id"":"""",""name"":"""",""link"":""""}","{""borough"":"""",""street"":"""",""city"":"""",""postal_code"":"""",""state"":"""",""country"":""""}",null,null,null,
3MUVadahEOj71e8P1-zMiA8,,MẸT Vietnamese Restaurant & Vegetarian Met 2,,"42 P. Lương Văn Can, Hàng Gai, Hoàn Kiếm, Hà Nội 11015, Vietnam",{},null,https://www.facebook.com/metvietnameserestaurant2?mibextid=LQQJ4d,+84392257292,7PH72VM2+44,21384,4.900000,null,21.032778,105.850361,,,,,,Asia/Saigon,,0x3135ab2c7beb29ad:0xa0c930717b21b67a,null,null,null,"{""link"":"""",""source"":""""}","{""id"":"""",""name"":"""",""link"":""""}","{""borough"":"""",""street"":"""",""city"":"""",""postal_code"":"""",""state"":"""",""country"":""""}",null,null,null,
3MUVadahEOj71e8P1-zMiA8,,Tiệm Mỳ Tiên Sơn - Noodles and Dimsum,,"2 Ng. Huyện, Hàng Trống, Hoàn Kiếm, Hà Nội 11006, Vietnam",{},null,,+84943422226,7PH72RHX+WG,901,4.800000,null,21.029771,105.848868,,,,,,Asia/Saigon,,0x3135ab9896cb9915:0x2b571e94ec72c6d5,null,null,null,"{""link"":"""",""source"":""""}","{""id"":"""",""name"":"""",""link"":""""}","{""borough"":"""",""street"":"""",""city"":"""",""postal_code"":"""",""state"":"""",""country"":""""}",null,null,null,
3MUVadahEOj71e8P1-zMiA8,,Wok to box,,"31 P. Khâm Thiên, Khâm Thiên, Đống Đa, Hà Nội, Vietnam",{},null,https://www.instagram.com/woktobox.official/,+84933803333,7PH72R9Q+GH,417,4.800000,null,21.018867,105.838965,,,,,,Asia/Saigon,,0x3135ab51b535a479:0x46b41167035bf366,null,null,null,"{""link"":"""",""source"":""""}","{""id"":"""",""name"":"""",""link"":""""}","{""borough"":"""",""street"":"""",""city"":"""",""postal_code"":"""",""state"":"""",""country"":""""}",null,null,null,
3MUVadahEOj71e8P1-zMiA8,,Noodle Restaurant 1102,,"30 P. Hồng Phúc, Trúc Bạch, Ba Đình, Hà Nội, Vietnam",{},null,,+842439273440,7PH72RRX+98,54,4.700000,null,21.040926,105.848321,,,,,,Asia/Saigon,,0x3135ab0035810bdb:0x7814f6f95103436f,null,null,null,"{""link"":"""",""source"":""""}","{""id"":"""",""name"":"""",""link"":""""}","{""borough"":"""",""street"":"""",""city"":"""",""postal_code"":"""",""state"":"""",""country"":""""}",null,null,null,
3MUVadahEOj71e8P1-zMiA8,,yumMI - The Boutique Noodle House,,"25 P. Hàng Cháo, Cát Linh, Đống Đa, Hà Nội, Vietnam",{},null,,+84886602401,7PH72RJM+6Q,1033,4.900000,null,21.030510,105.834414,,,,,,Asia/Saigon,,0x3135ab235968009b:0xf917dc8ff4aff07e,null,null,null,"{""link"":"""",""source"":""""}","{""id"":"""",""name"":"""",""link"":""""}","{""borough"":"""",""street"":"""",""city"":"""",""postal_code"":"""",""state"":"""",""country"":""""}",null,null,null,
3MUVadahEOj71e8P1-zMiA8,,Chilicious - Thai Boat Noodle Vincom Metropolis,,"Vincom Center Metropolis, 29 P. Liễu Giai, Ngọc Khánh, Ba Đình, Hà Nội 100000, Vietnam",{},null,,+842432363636,7PH72RJ8+F2,526,4.800000,null,21.031220,105.815065,,,,,,Asia/Saigon,,0x3135ab006f2e2af7:0x6ee06e5f2434b9d7,null,null,null,"{""link"":"""",""source"":""""}","{""id"":"""",""name"":"""",""link"":""""}","{""borough"":"""",""street"":"""",""city"":"""",""postal_code"":"""",""state"":"""",""country"":""""}",null,null,null,
3MUVadahEOj71e8P1-zMiA8,,ButoButoNoodles,,"Capital Place, B1 Tower I, 29 P. Liễu Giai, Ngọc Khánh, Ba Đình, Hà Nội 100000, Vietnam",{},null,,+84886094177,7PH72RJ7+MH,56,4.900000,null,21.031740,105.813964,,,,,,Asia/Saigon,,0x3135ab005bda60f9:0xe2b686cd7d6db34,null,null,null,"{""link"":"""",""source"":""""}","{""id"":"""",""name"":"""",""link"":""""}","{""borough"":"""",""street"":"""",""city"":"""",""postal_code"":"""",""state"":"""",""country"":""""}",null,null,null,
3MUVadahEOj71e8P1-zMiA8,,Tantan Noodles Kitchen,,"C002, The Manor - Hà Nội, Nam Từ Liêm, Hà Nội, Vietnam",{},null,https://www.facebook.com/tantannoodlesvn,+84866496247,7PH72Q7G+P4,404,4.800000,null,21.014364,105.775332,,,,,,Asia/Saigon,,0x313453b58f66f41b:0x816d86bb87fac947,null,null,null,"{""link"":"""",""source"":""""}","{""id"":"""",""name"":"""",""link"":""""}","{""borough"":"""",""street"":"""",""city"":"""",""postal_code"":"""",""state"":"""",""country"":""""}",null,null,null,
3MUVaeS_OJibvr0P7f_VgAk,,Nem nướng Nha Trang - Bếp Mẹ Ken,,"MM97+Q3V, Hùng Thắng, Tiên Lãng, Hải Phòng, Vietnam",{},null,,+84867766816,7PG8MM97+Q3,1,5.000000,null,20.669487,106.662679,,,,,,Asia/Saigon,,0x314a73001e5b20fb:0x5bd48123435d8d1d,null,null,null,"{""link"":"""",""source"":""""}","{""id"":"""",""name"":"""",""link"":""""}","{""borough"":"""",""street"":"""",""city"":"""",""postal_code"":"""",""state"":"""",""country"":""""}",null,null,null,
3MUVaeS_OJibvr0P7f_VgAk,,McDonald's Aeon Mall Hải Phòng,,"10 Võ Nguyên Giáp, Dư Hàng Kênh, Lê Chân, Hải Phòng 180000, Vietnam",{},null,https://mcdonalds.vn/,+842253553335,7PG8RMJM+95,189,4.300000,null,20.830966,106.682920,,,,,,Asia/Saigon,,0x314a71023e66ca73:0x70c60427f68f268e,null,null,null,"{""link"":"""",""source"":""""}","{""id"":"""",""name"":"""",""link"":""""}","{""borough"":"""",""street"":"""",""city"":"""",""postal_code"":"""",""state"":"""",""country"":""""}",null,null,null,
3MUVaeS_OJibvr0P7f_VgAk,,Jollibee Aeon Hải Phòng,,"Vietnam, Hải Phòng, Lê Chân, Kênh Dương, Thánh Phố Hải Phòng",{},null,https://jollibee.com.vn/,+842256576768,7PG8RMJJ+VF,4600,4.900000,null,20.832214,106.681218,,,,,,Asia/Saigon,,0x314a717117558075:0xcf5b3da38a58e000,null,null,null,"{""link"":"""",""source"":""""}","{""id"":"""",""name"":"""",""link"":""""}","{""borough"":"""",""street"":"""",""city"":"""",""postal_code"":"""",""state"":"""",""country"":""""}",null,null,null,
3MUVaeS_OJibvr0P7f_VgAk,,Jollibee An Dương,,"Máng Nước, An Đông, An Dương, Hải Phòng, Vietnam",{},null,https://jollibee.com.vn/,+842253533288,7PG8VJ5R+7G,1143,4.900000,null,20.858126,106.641339,,,,,,Asia/Saigon,,0x314a7b8d2ad4538f:0x6e9fe954a910889a,null,null,null,"{""link"":"""",""source"":""""}","{""id"":"""",""name"":"""",""link"":""""}","{""borough"":"""",""street"":"""",""city"":"""",""postal_code"":"""",""state"":"""",""country"":""""}",null,null,null,
3MUVaeS_OJibvr0P7f_VgAk,,Jollibee Vincom Imperia Hải Phòng,,"1 Bạch Đằng, Thượng Lý, Hồng Bàng, Hải Phòng 180000, Vietnam",{},null,https://jollibee.com.vn/,+842252809666,7PG8VM76+5M,862,4.800000,null,20.862955,106.661703,,,,,,Asia/Saigon,,0x314a7b3376b12133:0x23dac09313fff68,null,null,null,"{""link"":"""",""source"":""""}","{""id"":"""",""name"":"""",""link"":""""}","{""borough"":"""",""street"":"""",""city"":"""",""postal_code"":"""",""state"":"""",""country"":""""}",null,null,null,
3MUVaeS_OJibvr0P7f_VgAk,,Bún Cá Độc Lập,,"053 Đ. Cổ Linh, Thạch Bàn, Long Biên, Hà Nội, Vietnam",{},null,,+84385757201,7PH72WC5+X6,40,5.000000,null,21.022412,105.908069,,,,,,Asia/Saigon,,0x3135a90036be6c31:0xccb667b23564a1ed,null,null,null,"{""link"":"""",""source"":""""}","{""id"":"""",""name"":"""",""link"":""""}","{""borough"":"""",""street"":"""",""city"":"""",""postal_code"":"""",""state"":"""",""country"":""""}",null,null,null,
3MUVaeS_OJibvr0P7f_VgAk,,Đôi nét Việt & Trung 烹饪文化 Xiên nướng Trung Hoa & Đồ ăn vặt Việt,,"24 P. Ngọc Trì, Thạch Bàn, Long Biên, Hà Nội 11800, Vietnam",{},null,,+84981328283,7PH72WC4+VG,48,4.900000,null,21.022144,105.906299,,,,,,Asia/Saigon,,0x3135a98a0a917589:0xb1907014c8b181c2,null,null,null,"{""link"":"""",""source"":""""}","{""id"":"""",""name"":"""",""link"":""""}","{""borough"":"""",""street"":"""",""city"":"""",""postal_code"":"""",""state"":"""",""country"":""""}",null,null,null,
3MUVaeS_OJibvr0P7f_VgAk,,Lotteria Aeon Mall Long Bien,,"27 Đ. Cổ Linh, Long Biên, Hà Nội, Vietnam",{},null,http://www.lotteria.vn/,+8419006778,7PH72VGX+PV,490,4.200000,null,21.026841,105.899692,,,,,,Asia/Saigon,,0x3135a9ac6ed7034f:0xfc552f767d0e8071,null,null,null,"{""link"":"""",""source"":""""}","{""id"":"""",""name"":"""",""link"":""""}","{""borough"":"""",""street"":"""",""city"":"""",""postal_code"":"""",""state"":"""",""country"":""""}",null,null,null,
3MUVaeS_OJibvr0P7f_VgAk,,McDonald's Aeon Mall Long Bien,,"27 Đ. Cổ Linh, Long Biên, Hà Nội 10000, Vietnam",{},null,https://mcdonalds.vn/,+842432323334,7PH72VGX+PR,438,4.300000,null,21.026762,105.899531,,,,,,Asia/Saigon,,0x3135a9cd62de4b49:0x7236b901ebce480c,null,null,null,"{""link"":"""",""source"":""""}","{""id"":"""",""name"":"""",""link"":""""}","{""borough"":"""",""street"":"""",""city"":"""",""postal_code"":"""",""state"":"""",""country"":""""}",null,null,null,
3MUVaeS_OJibvr0P7f_VgAk,,Dairy Queen Aeon Mall Long Bien,,"T238, Tang 2, TTTM Aeon Mall 27 Cổ Linh, p. Long Biên, Long Biên, Hà Nội, Vietnam",{},null,,+842466667788,7PH72VGX+VM,48,3.000000,null,21.027214,105.899226,,,,,,Asia/Saigon,,0x3135a96ab447e0ab:0x9951c3f7f24e8586,null,null,null,"{""link"":"""",""source"":""""}","{""id"":"""",""name"":"""",""link"":""""}","{""borough"":"""",""street"":"""",""city"":"""",""postal_code"":"""",""state"":"""",""country"":""""}",null,null,null,
3MUVaeS_OJibvr0P7f_VgAk,,Jollibee Aeon Mall Long Bien,,"Trung tâm Thương mại Aeon Mall, Đ. Cổ Linh, Long Biên, Hà Nội, Vietnam",{},null,https://jollibee.com.vn/,+842432003392,7PH72VGX+XG,1826,4.500000,null,21.027436,105.898796,,,,,,Asia/Saigon,,0x3135a96af469b98f:0xa0199b661b4885cf,null,null,null,"{""link"":"""",""source"":""""}","{""id"":"""",""name"":"""",""link"":""""}","{""borough"":"""",""street"":"""",""city"":"""",""postal_code"":"""",""state"":"""",""country"":""""}",null,null,null,
3MUVaeS_OJibvr0P7f_VgAk,,Bếp Ngân Hà-Bún Riêu Cua & Lẩu Riêu Cua Bánh Đúc,,"305 Đ. Bát Khối, Long Biên, Hà Nội, Vietnam",{},null,https://shopeefood.vn/ha-noi/bun-rieu-lau-rieu-cua-banh-duc-bat-khoi?shareChannel=copy_link&smtt=0.0.9,+84366252706,7PH72VCV+QM,1,5.000000,null,21.021978,105.894171,,,,,,Asia/Saigon,,0x3135a96b418ce395:0x188c08883111776e,null,null,null,"{""link"":"""",""source"":""""}","{""id"":"""",""name"":"""",""link"":""""}","{""borough"":"""",""street"":"""",""city"":"""",""postal_code"":"""",""state"":"""",""country"":""""}",null,null,null,
3MUVaeS_OJibvr0P7f_VgAk,,BÚN RIÊU PHỐ CỔ BÌNH BÉO,,"35 P. Tram, Làng Trạm, Long Biên, Hà Nội, Vietnam",{},null,,+84984544888,7PH72VGV+9H,4,4.800000,null,21.025900,105.893961,,,,,,Asia/Saigon,,0x3135a9000e563755:0x1ebd85b82975f2eb,null,null,null,"{""link"":"""",""source"":""""}","{""id"":"""",""name"":"""",""link"":""""}","{""borough"":"""",""street"":"""",""city"":"""",""postal_code"":"""",""state"":"""",""country"":""""}",null,null,null,
3MUVaeS_OJibvr0P7f_VgAk,,UMY Food and Drinks,,"41b Ngõ 124 Phố Vĩnh Tuy, Vĩnh Phú, Hai Bà Trưng, Hà Nội, Vietnam",{},null,,+84982556083,7PG7XVXG+VR,4,5.000000,null,20.999720,105.877103,,,,,,Asia/Saigon,,0x3135af000d12fc7f:0x7247f054ef377f9e,null,null,null,"{""link"":"""",""source"":""""}","{""id"":"""",""name"":"""",""link"":""""}","{""borough"":"""",""street"":"""",""city"":"""",""postal_code"":"""",""state"":"""",""country"":""""}",null,null,null,
3MUVaeS_OJibvr0P7f_VgAk,,McDonald's Vinhomes Times City,,"458 P. Minh Khai, Khu đô thị Times City, Hai Bà Trưng, Hà Nội, Vietnam",{},null,https://mcdonalds.vn/,+842433519333,7PG7XVW9+W8,364,4.300000,null,20.997312,105.868281,,,,,,Asia/Saigon,,0x3135ad9c636e1a0f:0x62b8e79688eb9d10,null,null,null,"{""link"":"""",""source"":""""}","{""id"":"""",""name"":"""",""link"":""""}","{""borough"":"""",""street"":"""",""city"":"""",""postal_code"":"""",""state"":"""",""country"":""""}",null,null,null,
3MUVaeS_OJibvr0P7f_VgAk,,Bún riêu cua linh,,"Long, Long Biên, Hà Nội, Vietnam",{},null,,+84975163684,7PH72VHJ+WF,0,0.000000,null,21.029767,105.881152,,,,,,Asia/Saigon,,0x3135a91d7c771c2b:0xab261d1f00ffe7d8,null,null,null,"{""link"":"""",""source"":""""}","{""id"":"""",""name"":"""",""link"":""""}","{""borough"":"""",""street"":"""",""city"":"""",""postal_code"":"""",""state"":"""",""country"":""""}",null,null,null,
3MUVaeS_OJibvr0P7f_VgAk,,McDonald's Hồ Gươm,,"2 P. Hàng Bài, Tràng Tiền, Hoàn Kiếm, Hà Nội, Vietnam",{},null,https://mcdonalds.vn/,+842439338080,7PH72VG3+46,4213,4.000000,null,21.025365,105.853042,,,,,,Asia/Saigon,,0x3135abeb5042e3b1:0xebe111cd07a0bb1a,null,null,null,"{""link"":"""",""source"":""""}","{""id"":"""",""name"":"""",""link"":""""}","{""borough"":"""",""street"":"""",""city"":"""",""postal_code"":"""",""state"":"""",""country"":""""}",null,null,null,
3MUVaeS_OJibvr0P7f_VgAk,,Un-naked Potato,,"48 P. Hàng Bạc, Phố cổ Hà Nội, Hoàn Kiếm, Hà Nội, Vietnam",{},null,,,7PH72VM3+H2,206,4.900000,null,21.033980,105.852573,,,,,,Asia/Saigon,,0x3135ab00089122ab:0x6b63ce18a8608116,null,null,null,"{""link"":"""",""source"":""""}","{""id"":"""",""name"":"""",""link"":""""}","{""borough"":"""",""street"":"""",""city"":"""",""postal_code"":"""",""state"":"""",""country"":""""}",null,null,null,
3MUVaeS_OJibvr0P7f_VgAk,,KFC,,"3C P. Lê Thái Tổ, Hàng Trống, Hoàn Kiếm, Hà Nội 100000, Vietnam",{},null,https://kfcvietnam.com.vn/vn,,7PH72VJ2+VG,2229,4.700000,null,21.032179,105.851259,,,,,,Asia/Saigon,,0x3135abba0cda81cb:0x3c3e1e4d409a690f,null,null,null,"{""link"":"""",""source"":""""}","{""id"":"""",""name"":"""",""link"":""""}","{""borough"":"""",""street"":"""",""city"":"""",""postal_code"":"""",""state"":"""",""country"":""""}",null,null,null,
3MUVaeS_OJibvr0P7f_VgAk,,S&L's Diner Duong Thanh,,"24 P. Đường Thành, Cửa Đông, Hoàn Kiếm, Hà Nội, Vietnam",{},null,http://sldiner.com/,+842437100529,7PH72RJW+VJ,2958,4.700000,null,21.032134,105.846518,,,,,,Asia/Saigon,,0x3135ab9564e13533:0x3ae279f69fbac4c2,null,null,null,"{""link"":"""",""source"":""""}","{""id"":"""",""name"":"""",""link"":""""}","{""borough"":"""",""street"":"""",""city"":"""",""postal_code"":"""",""state"":"""",""country"":""""}",null,null,null,
3cUVacPPJ9WNvr0Poc2EqQo,,Nem nướng Nha Trang - Bếp Mẹ Ken,,"MM97+Q3V, Hùng Thắng, Tiên Lãng, Hải Phòng, Vietnam",{},null,,+84867766816,7PG8MM97+Q3,1,5.000000,null,20.669487,106.662679,,,,,,Asia/Saigon,,0x314a73001e5b20fb:0x5bd48123435d8d1d,null,null,null,"{""link"":"""",""source"":""""}","{""id"":"""",""name"":"""",""link"":""""}","{""borough"":"""",""street"":"""",""city"":"""",""postal_code"":"""",""state"":"""",""country"":""""}",null,null,null,
3cUVacPPJ9WNvr0Poc2EqQo,,Kiến Thuỵ Food,,"PMR4+GMP, Đường mới, Thuỵ Hương, Kiến Thụy, Hải Phòng, Vietnam",{},null,,,7PG8PMR4+GM,2,5.000000,null,20.741328,106.656700,,,,,,Asia/Saigon,,0x314a73f3f0aef4ef:0x2d1753ae423237af,null,null,null,"{""link"":"""",""source"":""""}","{""id"":"""",""name"":"""",""link"":""""}","{""borough"":"""",""street"":"""",""city"":"""",""postal_code"":"""",""state"":"""",""country"":""""}",null,null,null,
3cUVacPPJ9WNvr0Poc2EqQo,,Ushi Mania - Japanese Aging Beef & Bar (AEON MALL Long Biên),,"TTTM AEON MALL, 27 Đ. Cổ Linh, Long Biên, Hà Nội 100000, Vietnam",{},null,https://ushimania.vn/book-now/,+842473009779,7PH72WG2+P7,780,4.900000,null,21.026799,105.900643,,,,,,Asia/Saigon,,0x3135a9ca87d70033:0x357dac1b2fee668f,null,null,null,"{""link"":"""",""source"":""""}","{""id"":"""",""name"":"""",""link"":""""}","{""borough"":"""",""street"":"""",""city"":"""",""postal_code"":"""",""state"":"""",""country"":""""}",null,null,null,
3cUVacPPJ9WNvr0Poc2EqQo,,Pizza 4P's Aeon Mall Long Biên,,"27 Đ. Cổ Linh, Long Biên, Hà Nội 100000, Vietnam",{},null,http://pizza4ps.com/,+8419006043,7PH72WG2+P7,10214,4.900000,null,21.026799,105.900643,,,,,,Asia/Saigon,,0x3135a976cead5829:0xb322689139e97db6,null,null,null,"{""link"":"""",""source"":""""}","{""id"":"""",""name"":"""",""link"":""""}","{""borough"":"""",""street"":"""",""city"":"""",""postal_code"":"""",""state"":"""",""country"":""""}",null,null,null,
3cUVacPPJ9WNvr0Poc2EqQo,,Chả cá Hàng Sơn Aeon Mall Long Biên,,"Trung tâm thương mại Aeon Mall, 27 Đ. Cổ Linh, Long Biên, Hà Nội, Vietnam",{},null,https://www.chacahangson.vn/,+84985913343,7PH72WG2+P7,494,4.800000,null,21.026799,105.900643,,,,,,Asia/Saigon,,0x3135a9ab643827d5:0xe432b256c2343cea,null,null,null,"{""link"":"""",""source"":""""}","{""id"":"""",""name"":"""",""link"":""""}","{""borough"":"""",""street"":"""",""city"":"""",""postal_code"":"""",""state"":"""",""country"":""""}",null,null,null,
3cUVacPPJ9WNvr0Poc2EqQo,,Quiches,,"27 Đ. Cổ Linh, Long Biên, Hà Nội 11800, Vietnam",{},null,,+84947057997,7PH72WG2+P7,329,4.900000,null,21.026799,105.900643,,,,,,Asia/Saigon,,0x3135a9006cfec15f:0xc3ff5d8ea41f0d65,null,null,null,"{""link"":"""",""source"":""""}","{""id"":"""",""name"":"""",""link"":""""}","{""borough"":"""",""street"":"""",""city"":"""",""postal_code"":"""",""state"":"""",""country"":""""}",null,null,null,
3cUVacPPJ9WNvr0Poc2EqQo,,Jollibee Aeon Mall Long Bien,,"Trung tâm Thương mại Aeon Mall, Đ. Cổ Linh, Long Biên, Hà Nội, Vietnam",{},null,https://jollibee.com.vn/,+842432003392,7PH72VGX+XG,1826,4.500000,null,21.027436,105.898796,,,,,,Asia/Saigon,,0x3135a96af469b98f:0xa0199b661b4885cf,null,null,null,"{""link"":"""",""source"":""""}","{""id"":"""",""name"":"""",""link"":""""}","{""borough"":"""",""street"":"""",""city"":"""",""postal_code"":"""",""state"":"""",""country"":""""}",null,null,null,
3cUVacPPJ9WNvr0Poc2EqQo,,Bún Mọc Dọc Mùng,,"Long Biên, Hà Nội, Vietnam",{},null,,,7PH72VCR+XC,1,4.000000,null,21.022383,105.891043,,,,,,Asia/Saigon,,0x3135a9439f4d7d97:0x7761963cbc36d363,null,null,null,"{""link"":"""",""source"":""""}","{""id"":"""",""name"":"""",""link"":""""}","{""borough"":"""",""street"":"""",""city"":"""",""postal_code"":"""",""state"":"""",""country"":""""}",null,null,null,
3cUVacPPJ9WNvr0Poc2EqQo,,Cửa Khẩu Dê Đôi,,"2VCR+V4M, Long Biên, Hà Nội, Vietnam",{},null,,,7PH72VCR+V4,17,4.600000,null,21.022216,105.890291,,,,,,Asia/Saigon,,0x3135a998c86d1b01:0xdaa00ed7c101d665,null,null,null,"{""link"":"""",""source"":""""}","{""id"":"""",""name"":"""",""link"":""""}","{""borough"":"""",""street"":"""",""city"":"""",""postal_code"":"""",""state"":"""",""country"":""""}",null,null,null,
3cUVacPPJ9WNvr0Poc2EqQo,,Nuong Kui,,"Long Biên, Hà Nội, Vietnam",{},null,,+84949496686,7PH72VCR+V3,2,4.500000,null,21.022239,105.890149,,,,,,Asia/Saigon,,0x3135a94325a204b9:0x5cbe98ab87e76616,null,null,null,"{""link"":"""",""source"":""""}","{""id"":"""",""name"":"""",""link"":""""}","{""borough"":"""",""street"":"""",""city"":"""",""postal_code"":"""",""state"":"""",""country"":""""}",null,null,null,
3cUVacPPJ9WNvr0Poc2EqQo,,"Phở bò ,riêu cua,",,"2VGR+256, Unnamed Road, Long Biên, Hà Nội, Vietnam",{},null,,,7PH72VGR+25,5,5.000000,null,21.025041,105.890398,,,,,,Asia/Saigon,,0x3135a99b6a50a479:0xb269efed19c7ec07,null,null,null,"{""link"":"""",""source"":""""}","{""id"":"""",""name"":"""",""link"":""""}","{""borough"":"""",""street"":"""",""city"":"""",""postal_code"":"""",""state"":"""",""country"":""""}",null,null,null,
3cUVacPPJ9WNvr0Poc2EqQo,,Vườn bia 19 - Beer Garden 19,,"Cổ Linh 19 Cổ Linh Hà Nội, Hanoi City, Vietnam",{},null,https://www.facebook.com/share/16En5jwgQH/?mibextid=wwXIfr,+84974967599,7PH72VHR+H7,3,5.000000,null,21.028931,105.890732,,,,,,Asia/Saigon,,0x3135a9a7d0d85007:0x24d023f7bc8f7e11,null,null,null,"{""link"":"""",""source"":""""}","{""id"":"""",""name"":"""",""link"":""""}","{""borough"":"""",""street"":"""",""city"":"""",""postal_code"":"""",""state"":"""",""country"":""""}",null,null,null,
3cUVacPPJ9WNvr0Poc2EqQo,,Lẩu Nướng HẠNH BÉO,,"8 Thạch Cầu, Long Biên, Hà Nội, Vietnam",{},null,,+84933299883,7PH72VFM+R2,17,4.900000,null,21.024616,105.882534,,,,,,Asia/Saigon,,0x3135a9a43e19de6d:0x69dddf267f030410,null,null,null,"{""link"":"""",""source"":""""}","{""id"":"""",""name"":"""",""link"":""""}","{""borough"":"""",""street"":"""",""city"":"""",""postal_code"":"""",""state"":"""",""country"":""""}",null,null,null,
3cUVacPPJ9WNvr0Poc2EqQo,,Pizza 4P’s Tràng Tiền,,"43 Tràng Tiền, Hoàn Kiếm, Hà Nội, Vietnam",{},null,https://pizza4ps.com/,+8419006043,7PH72VF3+XM,19918,4.900000,null,21.024985,105.854213,,,,,,Asia/Saigon,,0x3135ab72f83894e1:0x4737dc743d51a9d4,null,null,null,"{""link"":"""",""source"":""""}","{""id"":"""",""name"":"""",""link"":""""}","{""borough"":"""",""street"":"""",""city"":"""",""postal_code"":"""",""state"":"""",""country"":""""}",null,null,null,
3cUVacPPJ9WNvr0Poc2EqQo,,Red Bean Ma May,,"94 Mã Mây, street, Hoàn Kiếm, Hà Nội 100000, Vietnam",{},null,https://mamay.redbeanrestaurants.com/,+842439263641,7PH72VM3+M7,873,4.900000,null,21.034225,105.853203,,,,,,Asia/Saigon,,0x3135ab7ed427e8b1:0x6e530c5ecb708f0e,null,null,null,"{""link"":"""",""source"":""""}","{""id"":"""",""name"":"""",""link"":""""}","{""borough"":"""",""street"":"""",""city"":"""",""postal_code"":"""",""state"":"""",""country"":""""}",null,null,null,
3cUVacPPJ9WNvr0Poc2EqQo,,Yalla Kebab&Grill - Halal,,"41 P. Đào Duy Từ, Hàng Buồm, Hoàn Kiếm, Hà Nội, Vietnam",{},null,,+84768264344,7PH72VP3+55,1272,4.800000,null,21.035400,105.852978,,,,,,Asia/Saigon,,0x3135ab2a2c7f46a1:0xa6d2101b03faca17,null,null,null,"{""link"":"""",""source"":""""}","{""id"":"""",""name"":"""",""link"":""""}","{""borough"":"""",""street"":"""",""city"":"""",""postal_code"":"""",""state"":"""",""country"":""""}",null,null,null,
3cUVacPPJ9WNvr0Poc2EqQo,,Cái Mâm Restaurant,,"3 Floors, 23 P. Đào Duy Từ, Hàng Buồm, Hoàn Kiếm, Hà Nội, Vietnam",{},null,https://caimam.com/branches/cai-mam-02-vietnamese-restaurant-vegan-food/,+84338451086,7PH72VP3+F4,4261,4.900000,null,21.036224,105.852779,,,,,,Asia/Saigon,,0x3135ab584e0a7f83:0xe7dd32745c4f7dbe,null,null,null,"{""link"":"""",""source"":""""}","{""id"":"""",""name"":"""",""link"":""""}","{""borough"":"""",""street"":"""",""city"":"""",""postal_code"":"""",""state"":"""",""country"":""""}",null,null,null,
3cUVacPPJ9WNvr0Poc2EqQo,,CỌ Restaurant Vietnamese Cuisine & Vegetarian Food,,"21 P. Hàng Cân, Hàng Đào, Hoàn Kiếm, Hà Nội, Vietnam",{},null,https://covietnameserestaurant.com/,+84946335588,7PH72RMX+VW,5472,4.900000,null,21.034630,105.849750,,,,,,Asia/Saigon,,0x3135ab42e7158429:0x9be37cd1dfd9f42a,null,null,null,"{""link"":"""",""source"":""""}","{""id"":"""",""name"":"""",""link"":""""}","{""borough"":"""",""street"":"""",""city"":"""",""postal_code"":"""",""state"":"""",""country"":""""}",null,null,null,
3cUVacPPJ9WNvr0Poc2EqQo,,S&L's Diner Duong Thanh,,"24 P. Đường Thành, Cửa Đông, Hoàn Kiếm, Hà Nội, Vietnam",{},null,http://sldiner.com/,+842437100529,7PH72RJW+VJ,2958,4.700000,null,21.032134,105.846518,,,,,,Asia/Saigon,,0x3135ab9564e13533:0x3ae279f69fbac4c2,null,null,null,"{""link"":"""",""source"":""""}","{""id"":"""",""name"":"""",""link"":""""}","{""borough"":"""",""street"":"""",""city"":"""",""postal_code"":"""",""state"":"""",""country"":""""}",null,null,null,
3cUVacPPJ9WNvr0Poc2EqQo,,Nan n Kabab Halal Restaurant,,"34 P. Lò Rèn, Hàng Bồ, Hoàn Kiếm, Hà Nội 10000, Vietnam",{},null,https://nannkababvietnam.net/,+84969344487,7PH72RPW+GW,550,4.800000,null,21.036338,105.847360,,,,,,Asia/Saigon,,0x3135ab4d441d089d:0xb274452cddc29dbb,null,null,null,"{""link"":"""",""source"":""""}","{""id"":"""",""name"":"""",""link"":""""}","{""borough"":"""",""street"":"""",""city"":"""",""postal_code"":"""",""state"":"""",""country"":""""}",null,null,null,
3sUVafOgG4u0vr0P8YvGmQE,,Starbucks Aeon Mall Long Bien,,"TTTM Aeonmall Long Biên, Số 27 Đ. Cổ Linh, Long Biên, Hà Nội 100000, Vietnam",{},null,,+842432012791,7PH72VGX+PW,264,4.300000,null,21.026821,105.899852,,,,,,Asia/Saigon,,0x3135a99a7f50b35b:0x71ddf0a255f844af,null,null,null,"{""link"":"""",""source"":""""}","{""id"":"""",""name"":"""",""link"":""""}","{""borough"":"""",""street"":"""",""city"":"""",""postal_code"":"""",""state"":"""",""country"":""""}",null,null,null,
3sUVafOgG4u0vr0P8YvGmQE,,LaNha Coffee House,,"68d Ng. 353 Đ. Bát Khối, Long Biên, Hà Nội, Vietnam",{},null,https://www.facebook.com/profile.php?id=61554185722531&mibextid=LQQJ4d,,7PH72VFX+F3,54,5.000000,null,21.023725,105.897699,,,,,,Asia/Saigon,,0x3135a9006d8d25b5:0xd080c0adde12be97,null,null,null,"{""link"":"""",""source"":""""}","{""id"":"""",""name"":"""",""link"":""""}","{""borough"":"""",""street"":"""",""city"":"""",""postal_code"":"""",""state"":"""",""country"":""""}",null,null,null,
3sUVafOgG4u0vr0P8YvGmQE,,Trà đá Quang Điệp,,"24 Nguyễn Lam, Phúc Đồng, Long Biên, Hà Nội, Vietnam",{},null,,,7PH72WR3+P5,1,5.000000,null,21.041873,105.902941,,,,,,Asia/Saigon,,0x3135a90015893183:0x1ff9180e7043bc7a,null,null,null,"{""link"":"""",""source"":""""}","{""id"":"""",""name"":"""",""link"":""""}","{""borough"":"""",""street"":"""",""city"":"""",""postal_code"":"""",""state"":"""",""country"":""""}",null,null,null,
3sUVafOgG4u0vr0P8YvGmQE,,Kang Coffee,,"12 Ng. 144 Đ. Cổ Linh, Làng Trạm, Long Biên, Hà Nội, Vietnam",{},null,,+84333666090,7PH72VGV+P7,9,4.800000,null,21.026815,105.893218,,,,,,Asia/Saigon,,0x3135a9000856a609:0xd6928ad6c8e390b0,null,null,null,"{""link"":"""",""source"":""""}","{""id"":"""",""name"":"""",""link"":""""}","{""borough"":"""",""street"":"""",""city"":"""",""postal_code"":"""",""state"":"""",""country"":""""}",null,null,null,
3sUVafOgG4u0vr0P8YvGmQE,,Coffee 68 (hà),,"79 P. Tram, Long Biên, Hà Nội, Vietnam",{},null,,,7PH72VGV+J3,12,4.600000,null,21.026501,105.892627,,,,,,Asia/Saigon,,0x3135a91a4d7e1bd1:0xf021c7059169f24e,null,null,null,"{""link"":"""",""source"":""""}","{""id"":"""",""name"":"""",""link"":""""}","{""borough"":"""",""street"":"""",""city"":"""",""postal_code"":"""",""state"":"""",""country"":""""}",null,null,null,
3sUVafOgG4u0vr0P8YvGmQE,,LaBoong D3-24 Nguyễn Minh Châu Phúc Lợi - Trà Ô Long Làng LaBoong,,"ngõ 39 P. Nguyễn Minh Châu, Phúc Lợi, Long Biên, Hà Nội 100000, Vietnam",{},null,,+84383086771,7PH72WW2+CM,118,5.000000,null,21.046078,105.901675,,,,,,Asia/Saigon,,0x3135a9419d294d2b:0xbd979c87235bfd02,null,null,null,"{""link"":"""",""source"":""""}","{""id"":"""",""name"":"""",""link"":""""}","{""borough"":"""",""street"":"""",""city"":"""",""postal_code"":"""",""state"":"""",""country"":""""}",null,null,null,
3sUVafOgG4u0vr0P8YvGmQE,,Don Material,,"Ng. 211 Đ. Bát Khối/56A Đ. Bát Khối, Long Biên, Hà Nội 11800, Vietnam",{},null,https://trumnguyenlieu.vn/,+84906043689,7PH72VFR+V4,35,4.400000,null,21.024629,105.890327,,,,,,Asia/Saigon,,0x3135ab782b70ca5d:0xbd8c1a22014d960f,null,null,null,"{""link"":"""",""source"":""""}","{""id"":"""",""name"":"""",""link"":""""}","{""borough"":"""",""street"":"""",""city"":"""",""postal_code"":"""",""state"":"""",""country"":""""}",null,null,null,
3sUVafOgG4u0vr0P8YvGmQE,,"Monaco Coffee - Cổ Linh, Long Biên",,"25 Ng. 64 Đ. Cổ Linh, Long Biên, Hà Nội, Vietnam",{},null,https://monacocoffee.vn/,+84344374851,7PH72VHR+2P,13,3.800000,null,21.027536,105.891795,,,,,,Asia/Saigon,,0x3135a904b3483265:0x5e17c63902b939b5,null,null,null,"{""link"":"""",""source"":""""}","{""id"":"""",""name"":"""",""link"":""""}","{""borough"":"""",""street"":"""",""city"":"""",""postal_code"":"""",""state"":"""",""country"":""""}",null,null,null,
3sUVafOgG4u0vr0P8YvGmQE,,Cổng D - AEON Long Biên,,"2VFQ+4CW, Long Biên, Hà Nội, Vietnam",{},null,,,7PH72VFQ+4C,0,0.000000,null,21.022857,105.888580,,,,,,Asia/Saigon,,0x3135a90024229321:0x3713b264cb5e20ad,null,null,null,"{""link"":"""",""source"":""""}","{""id"":"""",""name"":"""",""link"":""""}","{""borough"":"""",""street"":"""",""city"":"""",""postal_code"":"""",""state"":"""",""country"":""""}",null,null,null,
3sUVafOgG4u0vr0P8YvGmQE,,WinMart+ 186 Tư Đình,,"186 và, Ng. 188 P. Tư Đình, Long Biên, Hà Nội 11814, Vietnam",{},null,,+842471066866,7PH72VJQ+FG,26,4.300000,null,21.031141,105.888828,,,,,,Asia/Saigon,,0x3135a968966ef579:0x81cfd48c1e61a93e,null,null,null,"{""link"":"""",""source"":""""}","{""id"":"""",""name"":"""",""link"":""""}","{""borough"":"""",""street"":"""",""city"":"""",""postal_code"":"""",""state"":"""",""country"":""""}",null,null,null,
3sUVafOgG4u0vr0P8YvGmQE,,Collins coffee & tea,,"92 Ng. 26 P. Tư Đình, Long Biên, Hà Nội 100000, Vietnam",{},null,https://www.facebook.com/collins.coffeentea,+84913961606,7PH72VGP+64,9,4.900000,null,21.025571,105.885260,,,,,,Asia/Saigon,,0x3135a9002ef1cdb1:0x9881bd33857d3d6,null,null,null,"{""link"":"""",""source"":""""}","{""id"":"""",""name"":"""",""link"":""""}","{""borough"":"""",""street"":"""",""city"":"""",""postal_code"":"""",""state"":"""",""country"":""""}",null,null,null,
3sUVafOgG4u0vr0P8YvGmQE,,Vsport,,"9 ngách 56/63, Thạch Cầu, Long Biên, Hà Nội, Vietnam",{},null,https://vsport.mobi/,,7PH72VFH+FG,59,4.200000,null,21.023665,105.878780,,,,,,Asia/Saigon,,0x3135add0358252b3:0xa787cb130d2da147,null,null,null,"{""link"":"""",""source"":""""}","{""id"":"""",""name"":"""",""link"":""""}","{""borough"":"""",""street"":"""",""city"":"""",""postal_code"":"""",""state"":"""",""country"":""""}",null,null,null,
3sUVafOgG4u0vr0P8YvGmQE,,NẮNG coffee & car wash,,"185A Đ. Lâm Du, Bồ Đề, Long Biên, Hà Nội 000084, Vietnam",{},null,,+84982170405,7PH72VPF+65,32,4.900000,null,21.035570,105.872965,,,,,,Asia/Saigon,,0x3135aba30b92e267:0x45981ed6ed887789,null,null,null,"{""link"":"""",""source"":""""}","{""id"":"""",""name"":"""",""link"":""""}","{""borough"":"""",""street"":"""",""city"":"""",""postal_code"":"""",""state"":"""",""country"":""""}",null,null,null,
3sUVafOgG4u0vr0P8YvGmQE,,Máy bán nước tự động 24/7,,"3/564/25 Đ. Nguyễn Văn Cừ, Street, Long Biên, Hà Nội, Vietnam",{},null,,,7PH72VWG+74,0,0.000000,null,21.045715,105.875273,,,,,,Asia/Saigon,,0x3135a90006e44487:0x3a196aa14eacc4f6,null,null,null,"{""link"":"""",""source"":""""}","{""id"":"""",""name"":"""",""link"":""""}","{""borough"":"""",""street"":"""",""city"":"""",""postal_code"":"""",""state"":"""",""country"":""""}",null,null,null,
3sUVafOgG4u0vr0P8YvGmQE,,Mintr,,"Hanoi City, 387 Trương Định, tổ 41, Hoàng Mai, Hà Nội 10000, Vietnam",{},null,https://mintrofficial.my.canva.site/mintrxphuclong,+84916466185,7PG7XRPW+PP,1,5.000000,null,20.986870,105.846834,,,,,,Asia/Saigon,,0x3135ad99c8c24fe1:0x61ae69b43a0fe57e,null,null,null,"{""link"":"""",""source"":""""}","{""id"":"""",""name"":"""",""link"":""""}","{""borough"":"""",""street"":"""",""city"":"""",""postal_code"":"""",""state"":"""",""country"":""""}",null,null,null,
3sUVafOgG4u0vr0P8YvGmQE,,Ume Food & Drink,,"185 Minh Khai Ward Hà Nội, Hanoi City, 000084, Vietnam",{},null,,+84333186827,7PH72V85+2H,0,0.000000,null,21.015020,105.858882,,,,,,Asia/Saigon,,0x3135ab6cade9fb2d:0xd20741572377293f,null,null,null,"{""link"":"""",""source"":""""}","{""id"":"""",""name"":"""",""link"":""""}","{""borough"":"""",""street"":"""",""city"":"""",""postal_code"":"""",""state"":"""",""country"":""""}",null,null,null,
3sUVafOgG4u0vr0P8YvGmQE,,Cửa Hàng Rượu Vang Red Apron 61 Lý Thái Tổ - Wine Shop,,"9 P. Lý Đạo Thành, Tràng Tiền, Hoàn Kiếm, Hà Nội 100000, Vietnam",{},null,https://redapron.vn/,+84936469028,7PH72VG4+3V,34,4.500000,null,21.025222,105.857241,,,,,,Asia/Saigon,,0x3135abebe945cde3:0x26a02d370136e982,null,null,null,"{""link"":"""",""source"":""""}","{""id"":"""",""name"":"""",""link"":""""}","{""borough"":"""",""street"":"""",""city"":"""",""postal_code"":"""",""state"":"""",""country"":""""}",null,null,null,
3sUVafOgG4u0vr0P8YvGmQE,,1984 Pub,,"37 Ma May, Hoan Kiem Ha Noi, Hanoi City, 10000, Vietnam",{},null,,+84912960466,7PH72VP3+69,274,5.000000,null,21.035602,105.853430,,,,,,Asia/Saigon,,0x3135ab0cca355f9f:0x927a6e8145a34c17,null,null,null,"{""link"":"""",""source"":""""}","{""id"":"""",""name"":"""",""link"":""""}","{""borough"":"""",""street"":"""",""city"":"""",""postal_code"":"""",""state"":"""",""country"":""""}",null,null,null,
3sUVafOgG4u0vr0P8YvGmQE,,Warning Pub,,"28 P. Nguyễn Siêu, Hàng Buồm, Hoàn Kiếm, Hà Nội 100000, Vietnam",{},null,,+84978353932,7PH72VP2+HH,92,4.900000,null,21.036417,105.851396,,,,,,Asia/Saigon,,0x3135abe41b85e061:0xa5be63d340d0053f,null,null,null,"{""link"":"""",""source"":""""}","{""id"":"""",""name"":"""",""link"":""""}","{""borough"":"""",""street"":"""",""city"":"""",""postal_code"":"""",""state"":"""",""country"":""""}",null,null,null,
3sUVafOgG4u0vr0P8YvGmQE,,Habanos Specialist Vietnam - Grandeur Palace,,"138B P. Giảng Võ, Kim Mã, Ba Đình, Hà Nội 11110, Vietnam",{},null,http://habanosspecialist.vn/,+84832277778,7PH72RHG+JF,57,4.900000,null,21.029047,105.826205,,,,,,Asia/Saigon,,0x3135ab730b3a615f:0xbe67c9dc3c615e9d,null,null,null,"{""link"":"""",""source"":""""}","{""id"":"""",""name"":"""",""link"":""""}","{""borough"":"""",""street"":"""",""city"":"""",""postal_code"":"""",""state"":"""",""country"":""""}",null,null,null,
38UVaaabAaqS1e8PgNTD-AE,,Rom Vang Restaurant,,"Đầu, Cầu Vĩnh Tuy Long Biên - Xuân Quan, Xuân Quan, Long Biên, Hà Nội, Vietnam",{},null,https://www.facebook.com/AmThucRomVang,+84844339888,7PH72VCV+5W,12,4.700000,null,21.020478,105.894815,,,,,,Asia/Saigon,,0x3135a99a32dbe27b:0x8e62f32a66b65d22,null,null,null,"{""link"":"""",""source"":""""}","{""id"":"""",""name"":"""",""link"":""""}","{""borough"":"""",""street"":"""",""city"":"""",""postal_code"":"""",""state"":"""",""country"":""""}",null,null,null,
38UVaaabAaqS1e8PgNTD-AE,,Benaras Sutra,,"46, Chuong Duong Do Street, Chuong Duong Ward, Hoàn Kiếm, Hà Nội 110000, Vietnam",{},null,https://benaras.club/,+84978886249,7PH72VJ6+37,138,4.800000,null,21.030171,105.860708,,,,,,Asia/Saigon,,0x3135adef79fadddd:0xab090989c102a9c7,null,null,null,"{""link"":"""",""source"":""""}","{""id"":"""",""name"":"""",""link"":""""}","{""borough"":"""",""street"":"""",""city"":"""",""postal_code"":"""",""state"":"""",""country"":""""}",null,null,null,
38UVaaabAaqS1e8PgNTD-AE,,Momento Restaurant by La Nueva,,"32 P. Lò Sũ, Lý Thái Tổ, Hoàn Kiếm, Hà Nội, Vietnam",{},null,https://momentorestauranthanoi.com/,+84816336633,7PH72VJ3+JX,64,4.900000,null,21.031603,105.854983,,,,,,Asia/Saigon,,0x3135abb0c8bd0c97:0x937267c9fe202fc7,null,null,null,"{""link"":"""",""source"":""""}","{""id"":"""",""name"":"""",""link"":""""}","{""borough"":"""",""street"":"""",""city"":"""",""postal_code"":"""",""state"":"""",""country"":""""}",null,null,null,
38UVaaabAaqS1e8PgNTD-AE,,Red Bean Central,,"P. Hàng Thùng/21 Str, Phố cổ Hà Nội, Hoàn Kiếm, Hà Nội 100000, Vietnam",{},null,https://central.redbeanrestaurants.com/,+842439380963,7PH72VJ4+Q2,197,4.900000,null,21.031979,105.855038,,,,,,Asia/Saigon,,0x3135abc2085a5d0b:0x2828505a07edc104,null,null,null,"{""link"":"""",""source"":""""}","{""id"":"""",""name"":"""",""link"":""""}","{""borough"":"""",""street"":"""",""city"":"""",""postal_code"":"""",""state"":"""",""country"":""""}",null,null,null,
38UVaaabAaqS1e8PgNTD-AE,,Lake View Side Restaurant,,"47 P. Hàng Dầu, Lý Thái Tổ, Hoàn Kiếm, Hà Nội 100000, Vietnam",{},null,https://lakeviewsiderestaurant-cafe.com/,+84834063388,7PH72VJ3+6J,1696,4.800000,null,21.030589,105.854039,,,,,,Asia/Saigon,,0x3135abe5267cb769:0x91642bb8eda52fac,null,null,null,"{""link"":"""",""source"":""""}","{""id"":"""",""name"":"""",""link"":""""}","{""borough"":"""",""street"":"""",""city"":"""",""postal_code"":"""",""state"":"""",""country"":""""}",null,null,null,
38UVaaabAaqS1e8PgNTD-AE,,La Passion Restaurant,,"26 P. Hàng Thùng, Hàng Bạc, Hoàn Kiếm, Hà Nội 10000, Vietnam",{},null,http://lapassionhanoi.com/,+842422286688,7PH72VJ3+WP,430,4.800000,null,21.032251,105.854268,,,,,,Asia/Saigon,,0x3135abffa3dcb8eb:0xdb72be6087fba1e,null,null,null,"{""link"":"""",""source"":""""}","{""id"":"""",""name"":"""",""link"":""""}","{""borough"":"""",""street"":"""",""city"":"""",""postal_code"":"""",""state"":"""",""country"":""""}",null,null,null,
38UVaaabAaqS1e8PgNTD-AE,,Vũ Kiều Tú Seafood Old Quarter Restaurant,,"45 P. Hàng Bè, Hàng Bạc, Hoàn Kiếm, Hà Nội 100000, Vietnam",{},null,https://www.facebook.com/profile.php?id=61552732883344&mibextid=ZbWKwL,+84978277758,7PH72VM3+4G,410,5.000000,null,21.032776,105.853875,,,,,,Asia/Saigon,,0x3135ab550551a367:0xfa0e4fc2afa57af1,null,null,null,"{""link"":"""",""source"":""""}","{""id"":"""",""name"":"""",""link"":""""}","{""borough"":"""",""street"":"""",""city"":"""",""postal_code"":"""",""state"":"""",""country"":""""}",null,null,null,
38UVaaabAaqS1e8PgNTD-AE,,Little Hanoi Restaurant (Location 1),,"16 P. Hàng Bè, Hàng Bạc, Hoàn Kiếm, Hà Nội 10000, Vietnam",{},null,,+84912173472,7PH72VM3+9F,365,4.800000,null,21.033453,105.853738,,,,,,Asia/Saigon,,0x3135ab86dc6e4265:0x4572eadd42f6c644,null,null,null,"{""link"":"""",""source"":""""}","{""id"":"""",""name"":"""",""link"":""""}","{""borough"":"""",""street"":"""",""city"":"""",""postal_code"":"""",""state"":"""",""country"":""""}",null,null,null,
38UVaaabAaqS1e8PgNTD-AE,,UPPER CLOUD RESTAURANT LAKE VIEW,,"2 Ng. Cầu Gỗ, Hàng Bạc, Hoàn Kiếm, Hà Nội 10000, Vietnam",{},null,https://www.lucienhanoihotel.com/restaurant-and-bar,+84888026600,7PH72VM3+35,886,5.000000,null,21.032725,105.852947,,,,,,Asia/Saigon,,0x3135ab01b3cfd597:0xb816c9d2425a22bb,null,null,null,"{""link"":"""",""source"":""""}","{""id"":"""",""name"":"""",""link"":""""}","{""borough"":"""",""street"":"""",""city"":"""",""postal_code"":"""",""state"":"""",""country"":""""}",null,null,null,
38UVaaabAaqS1e8PgNTD-AE,,Gia Ngư Restaurant,,"27-29 Gia Ngu Street, Hoan Kiem Dist, Hanoi City, Hà Nội 100000, Vietnam",{},null,https://giangu-restaurant.com/,+84344077383,7PH72VM3+53,166,4.700000,null,21.032997,105.852679,,,,,,Asia/Saigon,,0x3135ab332822ee75:0x8cb9f2e1a400374b,null,null,null,"{""link"":"""",""source"":""""}","{""id"":"""",""name"":"""",""link"":""""}","{""borough"":"""",""street"":"""",""city"":"""",""postal_code"":"""",""state"":"""",""country"":""""}",null,null,null,
38UVaaabAaqS1e8PgNTD-AE,,Timeline Coffee & Restaurant,,"7 P. Đinh Liệt, Hàng Bạc, Hoàn Kiếm, Hà Nội 10000, Vietnam",{},null,https://www.facebook.com/TimelineHoanKiem,+84964375588,7PH72VM2+5Q,5963,4.900000,null,21.032960,105.851988,,,,,,Asia/Saigon,,0x3135ab7a4c07c70d:0xfabf239471535cb5,null,null,null,"{""link"":"""",""source"":""""}","{""id"":"""",""name"":"""",""link"":""""}","{""borough"":"""",""street"":"""",""city"":"""",""postal_code"":"""",""state"":"""",""country"":""""}",null,null,null,
38UVaaabAaqS1e8PgNTD-AE,,Thang Long Signature Restaurant & Rooftop Bar,,"92 - 94 P. Hàng Trống, Hàng Trống, Hoàn Kiếm, Hà Nội 100000, Vietnam",{},null,https://theorientaljadehotel.com/dining/thang-long-signature-restaurant--rooftop-bar,+84942217271,7PH72VH2+V3,249,4.900000,null,21.029688,105.850178,,,,,,Asia/Saigon,,0x3135ab0241211991:0x52ecfd8709131b64,null,null,null,"{""link"":"""",""source"":""""}","{""id"":"""",""name"":"""",""link"":""""}","{""borough"":"""",""street"":"""",""city"":"""",""postal_code"":"""",""state"":"""",""country"":""""}",null,null,null,
38UVaaabAaqS1e8PgNTD-AE,,Solasta Restaurant & Bar,,"22 P. Báo Khánh, Hàng Trống, Hoàn Kiếm, Hà Nội 100000, Vietnam",{},null,https://www.solastarestaurant.com/,+84966396698,7PH72VJ2+34,2331,5.000000,null,21.030185,105.850348,,,,,,Asia/Saigon,,0x3135ab7950077f79:0xc1ff842760d97e1e,null,null,null,"{""link"":"""",""source"":""""}","{""id"":"""",""name"":"""",""link"":""""}","{""borough"":"""",""street"":"""",""city"":"""",""postal_code"":"""",""state"":"""",""country"":""""}",null,null,null,
38UVaaabAaqS1e8PgNTD-AE,,MIAs restaurant,,"22 P. Báo Khánh, Hàng Trống, Hoàn Kiếm, Hà Nội 100000, Vietnam",{},null,https://mias.com.vn/,+84966396698,7PH72VJ2+34,1736,4.900000,null,21.030185,105.850348,,,,,,Asia/Saigon,,0x3135ab4b97d7412b:0x2a2404f3acda039,null,null,null,"{""link"":"""",""source"":""""}","{""id"":"""",""name"":"""",""link"":""""}","{""borough"":"""",""street"":"""",""city"":"""",""postal_code"":"""",""state"":"""",""country"":""""}",null,null,null,
38UVaaabAaqS1e8PgNTD-AE,,The Gourmet Corner Restaurant,,"22 Ta Hien street Hoan Kiem district Hanoi City, 10000, Vietnam",{},null,https://gourmetcornerrestaurant.com/,+84985682220,7PH72VM2+RR,693,4.900000,null,21.034539,105.852047,,,,,,Asia/Saigon,,0x3135ab11af76bf79:0xfba1419ffe4751f6,null,null,null,"{""link"":"""",""source"":""""}","{""id"":"""",""name"":"""",""link"":""""}","{""borough"":"""",""street"":"""",""city"":"""",""postal_code"":"""",""state"":"""",""country"":""""}",null,null,null,
38UVaaabAaqS1e8PgNTD-AE,,Cái Mâm Restaurant,,"3 Floors, 23 P. Đào Duy Từ, Hàng Buồm, Hoàn Kiếm, Hà Nội, Vietnam",{},null,https://caimam.com/branches/cai-mam-02-vietnamese-restaurant-vegan-food/,+84338451086,7PH72VP3+F4,4261,4.900000,null,21.036224,105.852779,,,,,,Asia/Saigon,,0x3135ab584e0a7f83:0xe7dd32745c4f7dbe,null,null,null,"{""link"":"""",""source"":""""}","{""id"":"""",""name"":"""",""link"":""""}","{""borough"":"""",""street"":"""",""city"":"""",""postal_code"":"""",""state"":"""",""country"":""""}",null,null,null,
38UVaaabAaqS1e8PgNTD-AE,,MẸT Vietnamese Restaurant & Vegetarian Met 2,,"42 P. Lương Văn Can, Hàng Gai, Hoàn Kiếm, Hà Nội 11015, Vietnam",{},null,https://www.facebook.com/metvietnameserestaurant2?mibextid=LQQJ4d,+84392257292,7PH72VM2+44,21384,4.900000,null,21.032778,105.850361,,,,,,Asia/Saigon,,0x3135ab2c7beb29ad:0xa0c930717b21b67a,null,null,null,"{""link"":"""",""source"":""""}","{""id"":"""",""name"":"""",""link"":""""}","{""borough"":"""",""street"":"""",""city"":"""",""postal_code"":"""",""state"":"""",""country"":""""}",null,null,null,
38UVaaabAaqS1e8PgNTD-AE,,Au Lac Family Restaurant,,"23 Ng. Huyện, Hàng Trống, Hoàn Kiếm, Hà Nội 100000, Vietnam",{},null,,+84345315123,7PH72RHX+RG,2362,4.900000,null,21.029532,105.848752,,,,,,Asia/Saigon,,0x3135ab04e462394f:0x10c56f1c40596603,null,null,null,"{""link"":"""",""source"":""""}","{""id"":"""",""name"":"""",""link"":""""}","{""borough"":"""",""street"":"""",""city"":"""",""postal_code"":"""",""state"":"""",""country"":""""}",null,null,null,
38UVaaabAaqS1e8PgNTD-AE,,Culture Café Hanoi,,"13 P. Hàng Bông, Hàng Trống, Hoàn Kiếm, Hà Nội 10000, Vietnam",{},null,https://www.facebook.com/culturecafe.hn,+842439993311,7PH72RJX+CG,3057,4.800000,null,21.031031,105.848834,,,,,,Asia/Saigon,,0x3135ab9ec84fe525:0x18ed3866dee63211,null,null,null,"{""link"":"""",""source"":""""}","{""id"":"""",""name"":"""",""link"":""""}","{""borough"":"""",""street"":"""",""city"":"""",""postal_code"":"""",""state"":"""",""country"":""""}",null,null,null,
38UVaaabAaqS1e8PgNTD-AE,,The Corn Restaurant - Old Quarter View,,"39 P. Hàng Gà, Hàng Bồ, Hoàn Kiếm, Hà Nội 10000, Vietnam",{},null,https://heritagehanoi.com/restaurant.html,+84904248612,7PH72RPW+5W,186,4.900000,null,21.035385,105.847320,,,,,,Asia/Saigon,,0x3135ab3c3679927f:0x13d415ba094fac6,null,null,null,"{""link"":"""",""source"":""""}","{""id"":"""",""name"":"""",""link"":""""}","{""borough"":"""",""street"":"""",""city"":"""",""postal_code"":"""",""state"":"""",""country"":""""}",null,null,null,
38UVadOoLd7q1e8P6c74kAs,,Quán Bar Karaoke Anh Đức,,"Tiên Hưng, Tiên Lãng, Hải Phòng, Vietnam",{},null,,+84936868798,7PG8MM75+F3,5,4.400000,null,20.663733,106.657681,,,,,,Asia/Saigon,,0x314a73e67ff38b67:0x1e752636af060108,null,null,null,"{""link"":"""",""source"":""""}","{""id"":"""",""name"":"""",""link"":""""}","{""borough"":"""",""street"":"""",""city"":"""",""postal_code"":"""",""state"":"""",""country"":""""}",null,null,null,
38UVadOoLd7q1e8P6c74kAs,,Buzz Pub,,"335 P. Văn Cao, Đằng Lâm, Hải An, Hải Phòng, Vietnam",{},null,,+84934366886,7PG8RPJ3+H5,381,4.300000,null,20.831444,106.702890,,,,,,Asia/Saigon,,0x314a7af46e23b945:0x56fcb9def941c3c0,null,null,null,"{""link"":"""",""source"":""""}","{""id"":"""",""name"":"""",""link"":""""}","{""borough"":"""",""street"":"""",""city"":"""",""postal_code"":"""",""state"":"""",""country"":""""}",null,null,null,
38UVadOoLd7q1e8P6c74kAs,,Pink Pub & 노래방 - 289 Văn Cao,,"289 P. Văn Cao, Đằng Lâm, Hải An, Hải Phòng, Vietnam",{},null,https://www.facebook.com/pinkpub.hp,+84904141588,7PG8RPM3+32,21,4.900000,null,20.832643,106.702533,,,,,,Asia/Saigon,,0x314a7bca9ec2b3e3:0xc1898f92c8ab063f,null,null,null,"{""link"":"""",""source"":""""}","{""id"":"""",""name"":"""",""link"":""""}","{""borough"":"""",""street"":"""",""city"":"""",""postal_code"":"""",""state"":"""",""country"":""""}",null,null,null,
38UVadOoLd7q1e8P6c74kAs,,MYA PUB,,"134 P. Văn Cao, Đằng Giang, Ngô Quyền, Hải Phòng 180000, Vietnam",{},null,,+842253261372,7PG8RPP2+R6,97,4.200000,null,20.837084,106.700580,,,,,,Asia/Saigon,,0x314a7b5c0a8f8449:0x6052c2b7128bdf7f,null,null,null,"{""link"":"""",""source"":""""}","{""id"":"""",""name"":"""",""link"":""""}","{""borough"":"""",""street"":"""",""city"":"""",""postal_code"":"""",""state"":"""",""country"":""""}",null,null,null,
38UVadOoLd7q1e8P6c74kAs,,Lucky Pub & Cocktail Bar,,"10 P. Thế Lữ, Hạ Lý, Hồng Bàng, Hải Phòng 180000, Vietnam",{},null,https://bit.ly/LuckyPubCocktailBar,+84944663579,7PG8VM5F+6G,35,4.600000,null,20.858100,106.673829,,,,,,Asia/Saigon,,0x314a7b4ce03ce28d:0x2d5fbb6a932cfb6c,null,null,null,"{""link"":"""",""source"":""""}","{""id"":"""",""name"":"""",""link"":""""}","{""borough"":"""",""street"":"""",""city"":"""",""postal_code"":"""",""state"":"""",""country"":""""}",null,null,null,
38UVadOoLd7q1e8P6c74kAs,,The Crown Bar,,"Manhattan 10, Thượng Lý, Hồng Bàng, Hải Phòng, Vietnam",{},null,,+84357162869,7PG8VM77+76,34,4.800000,null,20.863232,106.663052,,,,,,Asia/Saigon,,0x314a7bd996bf0669:0xe8978064596cf071,null,null,null,"{""link"":"""",""source"":""""}","{""id"":"""",""name"":"""",""link"":""""}","{""borough"":"""",""street"":"""",""city"":"""",""postal_code"":"""",""state"":"""",""country"":""""}",null,null,null,
38UVadOoLd7q1e8P6c74kAs,,T-Pub - Craft Beer Station,,"BH03-05, Manhattan 10, Vinhomes Imperia, Hồng Bàng, Hải Phòng 180000, Vietnam",{},null,https://m.facebook.com/HaiphongCraftBeer/,+84906799000,7PG8VM77+87,321,4.700000,null,20.863264,106.663128,,,,,,Asia/Saigon,,0x314a7b08cd471a75:0x88f1b509bd97007e,null,null,null,"{""link"":"""",""source"":""""}","{""id"":"""",""name"":"""",""link"":""""}","{""borough"":"""",""street"":"""",""city"":"""",""postal_code"":"""",""state"":"""",""country"":""""}",null,null,null,
38UVadOoLd7q1e8P6c74kAs,,The Hudson Rooms,,"11 P. Lê Phụng Hiểu, French Quarter, Hoàn Kiếm, Hà Nội, Vietnam",{},null,https://capellahotels.com/en/capella-hanoi/dining/hudson-rooms,+842439878888,7PH72VG4+8M,274,4.900000,null,21.025790,105.856718,,,,,,Asia/Saigon,,0x3135ab212179c65b:0x11ae1e2cb2aea3dd,null,null,null,"{""link"":"""",""source"":""""}","{""id"":"""",""name"":"""",""link"":""""}","{""borough"":"""",""street"":"""",""city"":"""",""postal_code"":"""",""state"":"""",""country"":""""}",null,null,null,
38UVadOoLd7q1e8P6c74kAs,,Nectar Hideaway: Speakeasy Rooftop Cocktails Bar,,"20 Tràng Tiền, Hoàn Kiếm, Hà Nội 128260, Vietnam",{},null,https://nectarhideaway.com/?utm_medium=gmap&utm_source=infomation,+84869452656,7PH72VF4+WC,335,4.900000,null,21.024798,105.856059,,,,,,Asia/Saigon,,0x3135ab86d8b030b3:0xb3aa63de34b71d51,null,null,null,"{""link"":"""",""source"":""""}","{""id"":"""",""name"":"""",""link"":""""}","{""borough"":"""",""street"":"""",""city"":"""",""postal_code"":"""",""state"":"""",""country"":""""}",null,null,null,
38UVadOoLd7q1e8P6c74kAs,,Lux SkyBar,,"11 P. Hàng Dầu, Hàng Bạc, Hoàn Kiếm, Hà Nội 100000, Vietnam",{},null,http://mediahotelhanoi.com/,+84987903019,7PH72VJ3+PH,301,4.900000,null,21.031836,105.853985,,,,,,Asia/Saigon,,0x3135abba3261706d:0x2e6d0373d44ba1ec,null,null,null,"{""link"":"""",""source"":""""}","{""id"":"""",""name"":"""",""link"":""""}","{""borough"":"""",""street"":"""",""city"":"""",""postal_code"":"""",""state"":"""",""country"":""""}",null,null,null,
38UVadOoLd7q1e8P6c74kAs,,Majesty Sky Bar,,"Rooftop, No 01 P. Cầu Gỗ, Hoàn Kiếm, Hà Nội 100000, Vietnam",{},null,https://lasinfoniavietnam.com/majestybar/,+84969321069,7PH72VJ3+RC,65,4.800000,null,21.032072,105.853503,,,,,,Asia/Saigon,,0x3135abed76a05d47:0xbe91b21a3dc2ab18,null,null,null,"{""link"":"""",""source"":""""}","{""id"":"""",""name"":"""",""link"":""""}","{""borough"":"""",""street"":"""",""city"":"""",""postal_code"":"""",""state"":"""",""country"":""""}",null,null,null,
38UVadOoLd7q1e8P6c74kAs,,Moonlight Sky Bar,,"94 Mã Mây, street, Hoàn Kiếm, Hà Nội 100000, Vietnam",{},null,https://skybars.vn/moonlight-sky-bar/,+842439263641,7PH72VM3+M7,963,4.900000,null,21.034225,105.853203,,,,,,Asia/Saigon,,0x3135ab6bb7e5b86f:0xf93962f72ba711f6,null,null,null,"{""link"":"""",""source"":""""}","{""id"":"""",""name"":"""",""link"":""""}","{""borough"":"""",""street"":"""",""city"":"""",""postal_code"":"""",""state"":"""",""country"":""""}",null,null,null,
38UVadOoLd7q1e8P6c74kAs,,The Balcony Beer,,"7 phố P. Đinh Liệt, Hàng Đào, Hoàn Kiếm, Hà Nội 10000, Vietnam",{},null,,+84964375588,7PH72VM2+5Q,2411,4.900000,null,21.032988,105.851949,,,,,,Asia/Saigon,,0x3135ab75ebf7a637:0xc767e5eafc5ff27f,null,null,null,"{""link"":"""",""source"":""""}","{""id"":"""",""name"":"""",""link"":""""}","{""borough"":"""",""street"":"""",""city"":"""",""postal_code"":"""",""state"":"""",""country"":""""}",null,null,null,
38UVadOoLd7q1e8P6c74kAs,,SOL SKY BAR,,"Solaria Hotel, 22 P. Báo Khánh, street, Hoàn Kiếm, Hà Nội 10000, Vietnam",{},null,https://thesolariagroup.com/sol-sky-bar/,+84855666687,7PH72VJ2+34,792,4.900000,null,21.030185,105.850348,,,,,,Asia/Saigon,,0x3135ab685262fa43:0x938b52a35e5b8723,null,null,null,"{""link"":"""",""source"":""""}","{""id"":"""",""name"":"""",""link"":""""}","{""borough"":"""",""street"":"""",""city"":"""",""postal_code"":"""",""state"":"""",""country"":""""}",null,null,null,
38UVadOoLd7q1e8P6c74kAs,,HIDDEN PUB HANOI,,"12 P. Tạ Hiện, Hàng Buồm, Hoàn Kiếm, Hà Nội, Vietnam",{},null,https://www.facebook.com/hiddenpub.hanoi,+84342486408,7PH72VM2+XR,580,4.900000,null,21.034965,105.852047,,,,,,Asia/Saigon,,0x3135abb90ae7d3ab:0xdb563b80b27a3545,null,null,null,"{""link"":"""",""source"":""""}","{""id"":"""",""name"":"""",""link"":""""}","{""borough"":"""",""street"":"""",""city"":"""",""postal_code"":"""",""state"":"""",""country"":""""}",null,null,null,
38UVadOoLd7q1e8P6c74kAs,,Le Ciel Bar,,"35 P. Hàng Trống, Phường Hoàn Kiếm, Hoàn Kiếm, Hà Nội, Vietnam",{},null,http://www.hoteldulachanoi.com/foods-and-beverage/le-ciel-sky-bar,+84912959906,7PH72RJX+7V,1215,4.900000,null,21.030660,105.849650,,,,,,Asia/Saigon,,0x3135ab40950bf8f9:0xd380a1fb642484a0,null,null,null,"{""link"":"""",""source"":""""}","{""id"":"""",""name"":"""",""link"":""""}","{""borough"":"""",""street"":"""",""city"":"""",""postal_code"":"""",""state"":"""",""country"":""""}",null,null,null,
38UVadOoLd7q1e8P6c74kAs,,Moon Men Cocktail Bar,,"No 3 P. Ấu Triệu, Hàng Trống, Hoàn Kiếm, Hà Nội 10000, Vietnam",{},null,http://moonmenofficial.com/,+84834226868,7PH72RHX+C9,265,4.900000,null,21.028531,105.848389,,,,,,Asia/Saigon,,0x3135ab004b0cb337:0x3ceeb9026aae1194,null,null,null,"{""link"":"""",""source"":""""}","{""id"":"""",""name"":"""",""link"":""""}","{""borough"":"""",""street"":"""",""city"":"""",""postal_code"":"""",""state"":"""",""country"":""""}",null,null,null,
38UVadOoLd7q1e8P6c74kAs,,Solar Sky Bar,,"41 P. Hàng Bông, Hàng Trống, Hoàn Kiếm, Hà Nội 100000, Vietnam",{},null,https://solarskybar.com/,+842438316868,7PH72RJX+78,2205,4.900000,null,21.030672,105.848316,,,,,,Asia/Saigon,,0x3136f943a5d2087f:0xff6abaadc9cb2efe,null,null,null,"{""link"":"""",""source"":""""}","{""id"":"""",""name"":"""",""link"":""""}","{""borough"":"""",""street"":"""",""city"":"""",""postal_code"":"""",""state"":"""",""country"":""""}",null,null,null,
38UVadOoLd7q1e8P6c74kAs,,Cloud Sky Bar Hanoi,,"of JM Marvel Hotel, 16 P. Hàng Da, Str, Hoàn Kiếm, Hà Nội 100000, Vietnam",{},null,https://cloudskybar.com/,+842438238855,7PH72RJW+9J,2739,4.900000,null,21.030992,105.846613,,,,,,Asia/Saigon,,0x3135ab15474b15df:0x45558b5af1d82f7b,null,null,null,"{""link"":"""",""source"":""""}","{""id"":"""",""name"":"""",""link"":""""}","{""borough"":"""",""street"":"""",""city"":"""",""postal_code"":"""",""state"":"""",""country"":""""}",null,null,null,
38UVadOoLd7q1e8P6c74kAs,,TIPSY LOONG,,"19 P. Nguyễn Quang Bích, Cửa Đông, Hoàn Kiếm, Hà Nội, Vietnam",{},null,,+84898816996,7PH72RJW+R9,245,5.000000,null,21.032033,105.845958,,,,,,Asia/Saigon,,0x3135abf5df8f7f63:0x4809f04826a82014,null,null,null,"{""link"":"""",""source"":""""}","{""id"":"""",""name"":"""",""link"":""""}","{""borough"":"""",""street"":"""",""city"":"""",""postal_code"":"""",""state"":"""",""country"":""""}",null,null,null,
