input_id,link,title,category,address,open_hours,popular_times,website,phone,plus_code,review_count,review_rating,reviews_per_rating,latitude,longitude,cid,status,descriptions,reviews_link,thumbnail,timezone,price_range,data_id,images,reservations,order_online,menu,owner,complete_address,about,user_reviews,user_reviews_extended,emails
ZT4TacW_Ce-3vr0P_qHw0AI,,Mei's Food,,"Main St, Golspie, KW10 6TG, United Kingdom",{},null,,4.41409E+11,9C9RX2FF+CP,83,4.3,null,57.973506,-3.975626,,,,,,Europe/London,,0x488ff5136a008651:0xc70ae4876fd0c587,null,null,null,"{""link"":"""",""source"":""""}","{""id"":"""",""name"":"""",""link"":""""}","{""borough"":"""",""street"":"""",""city"":"""",""postal_code"":"""",""state"":"""",""country"":""""}",null,null,null,
ZT4TacvwL_6Cvr0Pk5m54Qs,,Golspie Inn,,"Old Bank Rd, Golspie, KW10 6RS, United Kingdom",{},null,https://www.golspieinn.co.uk/,4.41409E+11,9C9RX2HP+9G,372,4.2,null,57.978491,-3.963729,,,,,,Europe/London,,0x488ff56dc8feb74b:0xbf8412e9a469b2bb,null,null,null,"{""link"":"""",""source"":""""}","{""id"":"""",""name"":"""",""link"":""""}","{""borough"":"""",""street"":"""",""city"":"""",""postal_code"":"""",""state"":"""",""country"":""""}",null,null,null,
ZT4TacvwL_6Cvr0Pk5m54Qs,,The salt house,,"Main St, Golspie, KW10 6RA, United Kingdom",{},null,,,9C9RX2FG+F2,66,4.9,null,57.973729,-3.974982,,,,,,Europe/London,,0x488ff55f49516545:0x56d73ddb7e84520f,null,null,null,"{""link"":"""",""source"":""""}","{""id"":"""",""name"":"""",""link"":""""}","{""borough"":"""",""street"":"""",""city"":"""",""postal_code"":"""",""state"":"""",""country"":""""}",null,null,null,
ZT4TacvwL_6Cvr0Pk5m54Qs,,Mei's Food,,"Main St, Golspie, KW10 6TG, United Kingdom",{},null,,4.41409E+11,9C9RX2FF+CP,83,4.3,null,57.973506,-3.975626,,,,,,Europe/London,,0x488ff5136a008651:0xc70ae4876fd0c587,null,null,null,"{""link"":"""",""source"":""""}","{""id"":"""",""name"":"""",""link"":""""}","{""borough"":"""",""street"":"""",""city"":"""",""postal_code"":"""",""state"":"""",""country"":""""}",null,null,null,
ZT4TacvwL_6Cvr0Pk5m54Qs,,The Trawler Fish & Chips,,"Main St, Golspie, KW10 6TG, United Kingdom",{},null,https://www.thetrawlergolspie.co.uk/?utm_source=GBP.website&utm_medium=GBP&utm_campaign=br1308-website,4.41409E+11,9C9RX2FF+68,1173,4.4,null,57.97305,-3.976703,,,,,,Europe/London,,0x488ff5137f418f1f:0x3442f955f85a5865,null,null,null,"{""link"":"""",""source"":""""}","{""id"":"""",""name"":"""",""link"":""""}","{""borough"":"""",""street"":"""",""city"":"""",""postal_code"":"""",""state"":"""",""country"":""""}",null,null,null,
ZT4TacvwL_6Cvr0Pk5m54Qs,,Sid's Spice,,"SId's Spice takeaway, Station Square, Brora KW9 6QJ, United Kingdom",{},null,https://www.sidspice.com/,4.41409E+11,9CCR247W+3R,427,4.6,null,58.012676,-3.852919,,,,,,Europe/London,,0x48855eec027b59e7:0x269769fd4ab86fae,null,null,null,"{""link"":"""",""source"":""""}","{""id"":"""",""name"":"""",""link"":""""}","{""borough"":"""",""street"":"""",""city"":"""",""postal_code"":"""",""state"":"""",""country"":""""}",null,null,null,
ZT4TacvwL_6Cvr0Pk5m54Qs,,The Curing Yard Restaurant,,"7 Golf Rd, Brora, KW9 6QS, United Kingdom",{},null,https://www.royalmarinebrora.com/gather/the-curing-yard-restaurant?utm_source=google&utm_medium=local&utm_campaign=the-curing-yard,4.41409E+11,9CCR2562+VV,15,4.3,null,58.012144,-3.847778,,,,,,Europe/London,,0x48855fce3e89e2b9:0xba6fae24ae499d7d,null,null,null,"{""link"":"""",""source"":""""}","{""id"":"""",""name"":"""",""link"":""""}","{""borough"":"""",""street"":"""",""city"":"""",""postal_code"":"""",""state"":"""",""country"":""""}",null,null,null,
ZT4TacvwL_6Cvr0Pk5m54Qs,,Tall Pines,,"Milltown, Evelix, Dornoch IV25 3NG, United Kingdom",{},null,,4.41863E+11,9C9QVWQC+R9,187,4.2,null,57.88959,-4.079073,,,,,,Europe/London,,0x488f8c60bb51f063:0x33a17bf68f7cacbd,null,null,null,"{""link"":"""",""source"":""""}","{""id"":"""",""name"":"""",""link"":""""}","{""borough"":"""",""street"":"""",""city"":"""",""postal_code"":"""",""state"":"""",""country"":""""}",null,null,null,
ZT4TacvwL_6Cvr0Pk5m54Qs,,Surf and Turf,,"8 Castle St, Dornoch, IV25 3SR, United Kingdom",{},null,https://www.facebook.com/surfandturfhq/,4.41863E+11,9C9QVXJ8+6V,330,4.8,null,57.880574,-4.03284,,,,,,Europe/London,,0x488f8b222c8200d5:0x6bd1df28f5496977,null,null,null,"{""link"":"""",""source"":""""}","{""id"":"""",""name"":"""",""link"":""""}","{""borough"":"""",""street"":"""",""city"":"""",""postal_code"":"""",""state"":"""",""country"":""""}",null,null,null,
ZT4TacvwL_6Cvr0Pk5m54Qs,,Luigi,,"1 Castle St, Dornoch, IV25 3SN, United Kingdom",{},null,http://www.luigidornoch.com/,4.41863E+11,9C9QVXJ9+52,478,4.7,null,57.880478,-4.032394,,,,,,Europe/London,,0x488f8b92295f3235:0x28ee55a47eb50f3d,null,null,null,"{""link"":"""",""source"":""""}","{""id"":"""",""name"":"""",""link"":""""}","{""borough"":"""",""street"":"""",""city"":"""",""postal_code"":"""",""state"":"""",""country"":""""}",null,null,null,
ZT4TacvwL_6Cvr0Pk5m54Qs,,Sutherland House (Dornoch) Ltd,,"Argyle St, Dornoch, IV25 3LA, United Kingdom",{},null,,4.41863E+11,9C9QVXJF+23,37,4.4,null,57.880115,-4.027271,,,,,,Europe/London,,0x488f8b943d4c1cd5:0x2dad4dcf76c0403a,null,null,null,"{""link"":"""",""source"":""""}","{""id"":"""",""name"":"""",""link"":""""}","{""borough"":"""",""street"":"""",""city"":"""",""postal_code"":"""",""state"":"""",""country"":""""}",null,null,null,
ZT4TacvwL_6Cvr0Pk5m54Qs,,Crenshaw's Brasserie,,"The First Tee, Dornoch, IV25 3LG, United Kingdom",{},null,https://www.royalgolfhoteldornoch.com/gather/crenshaws-brasserie?utm_source=google&utm_medium=local&utm_campaign=crenshaws-brasserie,4.41863E+11,9C9QVXHG+QR,11,4.6,null,57.879484,-4.022918,,,,,,Europe/London,,0x488f8b6b6e989bd9:0x3243909845ff2fc8,null,null,null,"{""link"":"""",""source"":""""}","{""id"":"""",""name"":"""",""link"":""""}","{""borough"":"""",""street"":"""",""city"":"""",""postal_code"":"""",""state"":"""",""country"":""""}",null,null,null,
ZT4TacvwL_6Cvr0Pk5m54Qs,,Dornoch Castle Whisky Bar & Dining. Takeaway Pizza!,,"Castle St, Dornoch, IV25 3SD, United Kingdom",{},null,http://www.dornochcastlehotel.com/whisky,4.41863E+11,9C9QVXHC+W3,195,4.5,null,57.879798,-4.029764,,,,,,Europe/London,,0x488f8b93c3d70a33:0x18b7ccd74605a8da,null,null,null,"{""link"":"""",""source"":""""}","{""id"":"""",""name"":"""",""link"":""""}","{""borough"":"""",""street"":"""",""city"":"""",""postal_code"":"""",""state"":"""",""country"":""""}",null,null,null,
ZT4TacvwL_6Cvr0Pk5m54Qs,,Coach House Bar & Restaurant,,"Castle St, Dornoch, IV25 3SD, United Kingdom",{},null,https://www.coachhousedornoch.co.uk/,4.41863E+11,9C9QVXHF+R2,659,4.1,null,57.879597,-4.027408,,,,,,Europe/London,,0x488f8b922bec3eed:0xb6d6152a9e462512,null,null,null,"{""link"":"""",""source"":""""}","{""id"":"""",""name"":"""",""link"":""""}","{""borough"":"""",""street"":"""",""city"":"""",""postal_code"":"""",""state"":"""",""country"":""""}",null,null,null,
ZT4TacvwL_6Cvr0Pk5m54Qs,,Links House at Royal Dornoch,,"Golf Rd, Dornoch, IV25 3LW, United Kingdom",{},null,https://www.linkshousedornoch.com/?utm_source=google&utm_medium=local&utm_campaign=links-house,4.41863E+11,9C9QVXHG+J6,116,4.9,null,57.879089,-4.024459,,,,,,Europe/London,,0x488f8b944f7273c9:0x538df33cfdeb2f8,null,null,null,"{""link"":"""",""source"":""""}","{""id"":"""",""name"":"""",""link"":""""}","{""borough"":"""",""street"":"""",""city"":"""",""postal_code"":"""",""state"":"""",""country"":""""}",null,null,null,
ZT4TacvwL_6Cvr0Pk5m54Qs,,The Oystercatcher,,"Main St, Portmahomack, Tain IV20 1YB, United Kingdom",{},null,https://www.the-oystercatcher.co.uk/,4.41863E+11,9C9RR5PF+Q2,110,4.7,null,57.836936,-3.827488,,,,,,Europe/London,,0x488563c089ed38f7:0xe4a1f54e854df76a,null,null,null,"{""link"":"""",""source"":""""}","{""id"":"""",""name"":"""",""link"":""""}","{""borough"":"""",""street"":"""",""city"":"""",""postal_code"":"""",""state"":"""",""country"":""""}",null,null,null,
ZT4TacvwL_6Cvr0Pk5m54Qs,,Platform 1864,,"Station Rd, Tain, IV19 1JA, United Kingdom",{},null,https://platform1864.com/,4.41863E+11,9C9QRW7X+P4,1109,4.6,null,57.814362,-4.052179,,,,,,Europe/London,,0x488f8ed11342313d:0xd9cd5cfe6e467f3d,null,null,null,"{""link"":"""",""source"":""""}","{""id"":"""",""name"":"""",""link"":""""}","{""borough"":"""",""street"":"""",""city"":"""",""postal_code"":"""",""state"":"""",""country"":""""}",null,null,null,
ZT4TacvwL_6Cvr0Pk5m54Qs,,Greens Restaurant Tain,,"11-15 High St, Tain, IV19 1AB, United Kingdom",{},null,https://greensrestaurant-tain.co.uk/,4.41863E+11,9C9QRW6W+M2,388,4.7,null,57.811712,-4.054896,,,,,,Europe/London,,0x488f8ed7499b6699:0x7c32e8bbf7cf4441,null,null,null,"{""link"":"""",""source"":""""}","{""id"":"""",""name"":"""",""link"":""""}","{""borough"":"""",""street"":"""",""city"":"""",""postal_code"":"""",""state"":"""",""country"":""""}",null,null,null,
ZT4TacvwL_6Cvr0Pk5m54Qs,,La Mirage Restaurant,,"La Mirage, 7-9 Dunrobin St, Helmsdale KW8 6JA, United Kingdom",{},null,http://www.lamirage.co.uk/,4.41432E+11,9CCR488W+RJ,968,4.5,null,58.117019,-3.653396,,,,,,Europe/London,,0x4885457307e16dd5:0xc9e1ed3d246e1a81,null,null,null,"{""link"":"""",""source"":""""}","{""id"":"""",""name"":"""",""link"":""""}","{""borough"":"""",""street"":"""",""city"":"""",""postal_code"":"""",""state"":"""",""country"":""""}",null,null,null,
ZT4TacvwL_6Cvr0Pk5m54Qs,,The Tartan Lounge and Bar Restaurant,,"Stafford St, Helmsdale, KW8 6JY, United Kingdom",{},null,http://www.bannockburninn.co.uk/,4.41432E+11,9CCR488X+HV,27,4.4,null,58.116437,-3.65029,,,,,,Europe/London,,0x488545201ceabfd5:0xd34beaba3ee77c22,null,null,null,"{""link"":"""",""source"":""""}","{""id"":"""",""name"":"""",""link"":""""}","{""borough"":"""",""street"":"""",""city"":"""",""postal_code"":"""",""state"":"""",""country"":""""}",null,null,null,
ZT4TacvwL_6Cvr0Pk5m54Qs,,Dalmore Farm Shop & Restaurant,,"Dalmore Farm, Alness, IV17 0UX, United Kingdom",{},null,http://www.dalmorefarm.co.uk/,4.4135E+11,9C9QMQR5+4W,915,4.6,null,57.690269,-4.240175,,,,,,Europe/London,,0x488f9b12116a5d1b:0x292291b0a823cf4e,null,null,null,"{""link"":"""",""source"":""""}","{""id"":"""",""name"":"""",""link"":""""}","{""borough"":"""",""street"":"""",""city"":"""",""postal_code"":"""",""state"":"""",""country"":""""}",null,null,null,
Zj4TaciwHZbE1e8PjqqHEQ,,Golspie Inn,,"Old Bank Rd, Golspie, KW10 6RS, United Kingdom",{},null,https://www.golspieinn.co.uk/,4.41409E+11,9C9RX2HP+9G,372,4.2,null,57.978491,-3.963729,,,,,,Europe/London,,0x488ff56dc8feb74b:0xbf8412e9a469b2bb,null,null,null,"{""link"":"""",""source"":""""}","{""id"":"""",""name"":"""",""link"":""""}","{""borough"":"""",""street"":"""",""city"":"""",""postal_code"":"""",""state"":"""",""country"":""""}",null,null,null,
Zj4TaciwHZbE1e8PjqqHEQ,,Star bar,,"20 Lindsay St, Golspie, KW10 6TN, United Kingdom",{},null,,,9C9RX2F9+6X,0,0,null,57.973044,-3.980098,,,,,,Europe/London,,0x488ff5001d1f4ad7:0xe64eec83eeb53a0a,null,null,null,"{""link"":"""",""source"":""""}","{""id"":"""",""name"":"""",""link"":""""}","{""borough"":"""",""street"":"""",""city"":"""",""postal_code"":"""",""state"":"""",""country"":""""}",null,null,null,
Zj4TaciwHZbE1e8PjqqHEQ,,The stag,,"20 Lindsay St, Golspie, KW10 6TN, United Kingdom",{},null,,,9C9RX2F9+6X,0,0,null,57.973044,-3.980098,,,,,,Europe/London,,0x488ff500413c5273:0xe6177204ec40e1da,null,null,null,"{""link"":"""",""source"":""""}","{""id"":"""",""name"":"""",""link"":""""}","{""borough"":"""",""street"":"""",""city"":"""",""postal_code"":"""",""state"":"""",""country"":""""}",null,null,null,
Zj4TaciwHZbE1e8PjqqHEQ,,A garden,,"4 Grant Cres, Golspie, KW10 6TS, United Kingdom",{},null,,,9C9RX2F9+2Q,1,5,null,57.972622,-3.980548,,,,,,Europe/London,,0x488ff5002fae2219:0x6825780d124118ab,null,null,null,"{""link"":"""",""source"":""""}","{""id"":"""",""name"":"""",""link"":""""}","{""borough"":"""",""street"":"""",""city"":"""",""postal_code"":"""",""state"":"""",""country"":""""}",null,null,null,
Zj4TaciwHZbE1e8PjqqHEQ,,Golspie Golf Club,,"Ferry Rd, Golspie, KW10 6ST, United Kingdom",{},null,http://www.golspiegolfclub.co.uk/,4.41409E+11,9C9RX275+WM,159,4.8,null,57.964777,-3.990751,,,,,,Europe/London,,0x488ff5224ba2655f:0x7d0b562d58183392,null,null,null,"{""link"":"""",""source"":""""}","{""id"":"""",""name"":"""",""link"":""""}","{""borough"":"""",""street"":"""",""city"":"""",""postal_code"":"""",""state"":"""",""country"":""""}",null,null,null,
Zj4TaciwHZbE1e8PjqqHEQ,,Royal Golf Hotel Dornoch,,"The First Tee, Dornoch, IV25 3LG, United Kingdom",{},null,https://www.royalgolfhoteldornoch.com/?utm_source=google&utm_medium=local&utm_campaign=hch-royal-golf-hotel-dornoch,4.41863E+11,9C9QVXHG+RQ,144,4.5,null,57.879516,-4.023072,,,,,,Europe/London,,0x488f8b95b644a0fd:0xc85b37ad0cff9e8a,null,null,null,"{""link"":"""",""source"":""""}","{""id"":"""",""name"":"""",""link"":""""}","{""borough"":"""",""street"":"""",""city"":"""",""postal_code"":"""",""state"":"""",""country"":""""}",null,null,null,
Zj4TaciwHZbE1e8PjqqHEQ,,Dornoch Castle Whisky Bar & Dining. Takeaway Pizza!,,"Castle St, Dornoch, IV25 3SD, United Kingdom",{},null,http://www.dornochcastlehotel.com/whisky,4.41863E+11,9C9QVXHC+W3,195,4.5,null,57.879798,-4.029764,,,,,,Europe/London,,0x488f8b93c3d70a33:0x18b7ccd74605a8da,null,null,null,"{""link"":"""",""source"":""""}","{""id"":"""",""name"":"""",""link"":""""}","{""borough"":"""",""street"":"""",""city"":"""",""postal_code"":"""",""state"":"""",""country"":""""}",null,null,null,
Zj4TaciwHZbE1e8PjqqHEQ,,Dornoch Castle Hotel - Whisky Bar & Dining - Takeaway Pizza,,"Castle St, Dornoch, IV25 3SD, United Kingdom",{},null,http://www.dornochcastlehotel.com/,4.41863E+11,9C9QVXHC+W4,204,4.3,null,57.87978,-4.029687,,,,,,Europe/London,,0x488f8b93c19b39d9:0xb32b9b7c7ecd16a9,null,null,null,"{""link"":"""",""source"":""""}","{""id"":"""",""name"":"""",""link"":""""}","{""borough"":"""",""street"":"""",""city"":"""",""postal_code"":"""",""state"":"""",""country"":""""}",null,null,null,
Zj4TaciwHZbE1e8PjqqHEQ,,Coach House Bar & Restaurant,,"Castle St, Dornoch, IV25 3SD, United Kingdom",{},null,https://www.coachhousedornoch.co.uk/,4.41863E+11,9C9QVXHF+R2,659,4.1,null,57.879597,-4.027408,,,,,,Europe/London,,0x488f8b922bec3eed:0xb6d6152a9e462512,null,null,null,"{""link"":"""",""source"":""""}","{""id"":"""",""name"":"""",""link"":""""}","{""borough"":"""",""street"":"""",""city"":"""",""postal_code"":"""",""state"":"""",""country"":""""}",null,null,null,
Zj4TaciwHZbE1e8PjqqHEQ,,Morangie Hotel Tain,,"Morangie Rd, Tain, IV19 1PY, United Kingdom",{},null,http://www.morangiehotel.com/,4.41863E+11,9C9QRW8M+C7,310,4,null,57.816048,-4.066808,,,,,,Europe/London,,0x488f8edca0a40883:0x66afec299f2c9d71,null,null,null,"{""link"":"""",""source"":""""}","{""id"":"""",""name"":"""",""link"":""""}","{""borough"":"""",""street"":"""",""city"":"""",""postal_code"":"""",""state"":"""",""country"":""""}",null,null,null,
Zj4TaciwHZbE1e8PjqqHEQ,,Royal Hotel Tain,,"High St, Tain Ross-Shire, Tain, IV19 1AB, United Kingdom",{},null,http://www.royalhoteltain.com/,4.41863E+11,9C9QRW6V+RR,324,4,null,57.812026,-4.055469,,,,,,Europe/London,,0x488f8ed73513165b:0x4c6a7763d5ab84fa,null,null,null,"{""link"":"""",""source"":""""}","{""id"":"""",""name"":"""",""link"":""""}","{""borough"":"""",""street"":"""",""city"":"""",""postal_code"":"""",""state"":"""",""country"":""""}",null,null,null,
Zj4TaciwHZbE1e8PjqqHEQ,,Belgrave Arms Hotel,,"Dunrobin St, Helmsdale, KW8 6JX, United Kingdom",{},null,https://www.belgravearmshotel.co.uk/,4.41432E+11,9CCR488X+CH,131,4.1,null,58.116086,-3.65112,,,,,,Europe/London,,0x488545730c949465:0xc6b66379a9b8c698,null,null,null,"{""link"":"""",""source"":""""}","{""id"":"""",""name"":"""",""link"":""""}","{""borough"":"""",""street"":"""",""city"":"""",""postal_code"":"""",""state"":"""",""country"":""""}",null,null,null,
Zj4TaciwHZbE1e8PjqqHEQ,,The Bannockburn Inn,,"Stafford St, Helmsdale, KW8 6JY, United Kingdom",{},null,https://www.bannockburninn.co.uk/,4.41432E+11,9CCR488X+HQ,223,4.5,null,58.116389,-3.650555,,,,,,Europe/London,,0x48854574879c3b2f:0xf047f9f059afac5,null,null,null,"{""link"":"""",""source"":""""}","{""id"":"""",""name"":"""",""link"":""""}","{""borough"":"""",""street"":"""",""city"":"""",""postal_code"":"""",""state"":"""",""country"":""""}",null,null,null,
Zj4TaciwHZbE1e8PjqqHEQ,,The Tartan Lounge and Bar Restaurant,,"Stafford St, Helmsdale, KW8 6JY, United Kingdom",{},null,http://www.bannockburninn.co.uk/,4.41432E+11,9CCR488X+HV,27,4.4,null,58.116437,-3.65029,,,,,,Europe/London,,0x488545201ceabfd5:0xd34beaba3ee77c22,null,null,null,"{""link"":"""",""source"":""""}","{""id"":"""",""name"":"""",""link"":""""}","{""borough"":"""",""street"":"""",""city"":"""",""postal_code"":"""",""state"":"""",""country"":""""}",null,null,null,
Zj4TaciwHZbE1e8PjqqHEQ,,Invershin Hotel Bunkhouse & Bar,,"Invershin Hotel, invershin, IV27 4ET, United Kingdom",{},null,http://www.invershin.com/,4.41549E+11,9C9QWJF2+H8,117,4.8,null,57.923994,-4.3992,,,,,,Europe/London,,0x488f953138beb3af:0x647e7aa8eb276880,null,null,null,"{""link"":"""",""source"":""""}","{""id"":"""",""name"":"""",""link"":""""}","{""borough"":"""",""street"":"""",""city"":"""",""postal_code"":"""",""state"":"""",""country"":""""}",null,null,null,
Zj4TaciwHZbE1e8PjqqHEQ,,Old Dutch bar,,"&, The Ranch Delny Ross-Shire, Cromarty IV18 0LJ, United Kingdom",{},null,,4.41863E+11,9C9QPRRW+7C,2,5,null,57.74072,-4.153903,,,,,,Europe/London,,0x488f857c9cacdda5:0x18ad6d0190505e9,null,null,null,"{""link"":"""",""source"":""""}","{""id"":"""",""name"":"""",""link"":""""}","{""borough"":"""",""street"":"""",""city"":"""",""postal_code"":"""",""state"":"""",""country"":""""}",null,null,null,
Zj4TaciwHZbE1e8PjqqHEQ,,Jackos Bar & Diner,,"44 Harbour St, Nairn, IV12 4NU, United Kingdom",{},null,http://www.facebook.com/jackosbardiner,4.41667E+11,9C9RH4PP+Q5,470,4.5,null,57.586948,-3.864533,,,,,,Europe/London,,0x48857ff789c8bf29:0x336ec66bb6734b3e,null,null,null,"{""link"":"""",""source"":""""}","{""id"":"""",""name"":"""",""link"":""""}","{""borough"":"""",""street"":"""",""city"":"""",""postal_code"":"""",""state"":"""",""country"":""""}",null,null,null,
Zz4TaZGGDeCUvr0P4q2IkAI,,Coffee Bothy,,"2 Fountain Rd, Golspie, KW10 6TH, United Kingdom",{},null,https://www.95coffeeroastingcompany.co.uk/,4.41409E+11,9C9RX2FF+PJ,644,4.4,null,57.974253,-3.975919,,,,,,Europe/London,,0x488ff513ec3a20d7:0x4ef7fe68a10790d,null,null,null,"{""link"":"""",""source"":""""}","{""id"":"""",""name"":"""",""link"":""""}","{""borough"":"""",""street"":"""",""city"":"""",""postal_code"":"""",""state"":"""",""country"":""""}",null,null,null,
Zz4TaZGGDeCUvr0P4q2IkAI,,Poppy's Coffee Shop,,"Main St, Golspie, KW10 6RA, United Kingdom",{},null,,4.41409E+11,9C9RX2FG+PC,325,4.6,null,57.974288,-3.973934,,,,,,Europe/London,,0x488ff5136a008651:0xecb2dceca980e7c2,null,null,null,"{""link"":"""",""source"":""""}","{""id"":"""",""name"":"""",""link"":""""}","{""borough"":"""",""street"":"""",""city"":"""",""postal_code"":"""",""state"":"""",""country"":""""}",null,null,null,
Zz4TaZGGDeCUvr0P4q2IkAI,,Linda's,,"Brora, KW9 6NY, United Kingdom",{},null,,4.41409E+11,9CCR246V+FM,68,4.8,null,58.011153,-3.855787,,,,,,Europe/London,,0x48855eec0be5f28b:0x23876a604dd3e1f9,null,null,null,"{""link"":"""",""source"":""""}","{""id"":"""",""name"":"""",""link"":""""}","{""borough"":"""",""street"":"""",""city"":"""",""postal_code"":"""",""state"":"""",""country"":""""}",null,null,null,
Zz4TaZGGDeCUvr0P4q2IkAI,,Cocoa Skye,,"London House, Station Square, Brora KW9 6QJ, United Kingdom",{},null,,4.41409E+11,9CCR246W+XR,340,4.7,null,58.012405,-3.852918,,,,,,Europe/London,,0x48855eec732bedd3:0x16bccd3804e2ddee,null,null,null,"{""link"":"""",""source"":""""}","{""id"":"""",""name"":"""",""link"":""""}","{""borough"":"""",""street"":"""",""city"":"""",""postal_code"":"""",""state"":"""",""country"":""""}",null,null,null,
Zz4TaZGGDeCUvr0P4q2IkAI,,Milk & Honey,,"High St, Dornoch, IV25 3SH, United Kingdom",{},null,https://www.visitdornoch.com/eat-and-drink-in-dornoch/location/milk-and-honey-cafe/,4.41863E+11,9C9QVXJC+7C,482,4.8,null,57.880674,-4.028921,,,,,,Europe/London,,0x488f8bf9e39c3017:0x2846892394a72fea,null,null,null,"{""link"":"""",""source"":""""}","{""id"":"""",""name"":"""",""link"":""""}","{""borough"":"""",""street"":"""",""city"":"""",""postal_code"":"""",""state"":"""",""country"":""""}",null,null,null,
Zz4TaZGGDeCUvr0P4q2IkAI,,SandStone Cafe,,"High St, Dornoch, IV25 3SH, United Kingdom",{},null,https://m.facebook.com/Dornoch-Patisserie-Cafe-1408279279433158/,4.41863E+11,9C9QVXJ9+7J,253,4.7,null,57.880659,-4.030961,,,,,,Europe/London,,0x488f8b93d9b26081:0x6e3a6d24b6d9eb12,null,null,null,"{""link"":"""",""source"":""""}","{""id"":"""",""name"":"""",""link"":""""}","{""borough"":"""",""street"":"""",""city"":"""",""postal_code"":"""",""state"":"""",""country"":""""}",null,null,null,
Zz4TaZGGDeCUvr0P4q2IkAI,,Carnegie Hall cafe,,"Well St, Portmahomack, Tain IV20 1YD, United Kingdom",{},null,http://www.carnegiehallcafe.com/,4.41863E+11,9C9RR5PF+G5,159,4.8,null,57.8363,-3.827125,,,,,,Europe/London,,0x48856352b169bc77:0x9dbcd32c8dd99ba5,null,null,null,"{""link"":"""",""source"":""""}","{""id"":"""",""name"":"""",""link"":""""}","{""borough"":"""",""street"":"""",""city"":"""",""postal_code"":"""",""state"":"""",""country"":""""}",null,null,null,
Zz4TaZGGDeCUvr0P4q2IkAI,,Shin Falls Cafe,,"2515 1, Lairg, IV27 4EE, United Kingdom",{},null,,,9C9QXH6R+7H,54,4.3,null,57.960712,-4.408609,,,,,,Europe/London,,0x488feaec15836fff:0x61db36f8f9f0cfa5,null,null,null,"{""link"":"""",""source"":""""}","{""id"":"""",""name"":"""",""link"":""""}","{""borough"":"""",""street"":"""",""city"":"""",""postal_code"":"""",""state"":"""",""country"":""""}",null,null,null,
Zz4Taa-dLo6Nvr0P2pWdiAU,,Mei's Food,,"Main St, Golspie, KW10 6TG, United Kingdom",{},null,,4.41409E+11,9C9RX2FF+CP,83,4.3,null,57.973506,-3.975626,,,,,,Europe/London,,0x488ff5136a008651:0xc70ae4876fd0c587,null,null,null,"{""link"":"""",""source"":""""}","{""id"":"""",""name"":"""",""link"":""""}","{""borough"":"""",""street"":"""",""city"":"""",""postal_code"":"""",""state"":"""",""country"":""""}",null,null,null,
Zz4Taa-dLo6Nvr0P2pWdiAU,,The Trawler Fish & Chips,,"Main St, Golspie, KW10 6TG, United Kingdom",{},null,https://www.thetrawlergolspie.co.uk/?utm_source=GBP.website&utm_medium=GBP&utm_campaign=br1308-website,4.41409E+11,9C9RX2FF+68,1173,4.4,null,57.97305,-3.976703,,,,,,Europe/London,,0x488ff5137f418f1f:0x3442f955f85a5865,null,null,null,"{""link"":"""",""source"":""""}","{""id"":"""",""name"":"""",""link"":""""}","{""borough"":"""",""street"":"""",""city"":"""",""postal_code"":"""",""state"":"""",""country"":""""}",null,null,null,
Zz4Taa-dLo6Nvr0P2pWdiAU,,Sids Street Food Takeaway PLUS sit in,,"Station Square, Brora, KW9 6QJ, United Kingdom",{},null,https://www.sidsstreetfood.com/,4.41409E+11,9CCR247W+4X,8,4,null,58.012792,-3.852547,,,,,,Europe/London,,0x488f8ff615ce4de3:0x60784eb9c90beaec,null,null,null,"{""link"":"""",""source"":""""}","{""id"":"""",""name"":"""",""link"":""""}","{""borough"":"""",""street"":"""",""city"":"""",""postal_code"":"""",""state"":"""",""country"":""""}",null,null,null,
Zz4Taa-dLo6Nvr0P2pWdiAU,,Highland Spice,,"BUSINESS RETAIL PARK, Dornoch, IV25 3QY, United Kingdom",{},null,https://highlandspiceandfishbar.co.uk/,4.41863E+11,9C9QVXH9+9F,274,3.7,null,57.878379,-4.031315,,,,,,Europe/London,,0x488f8b93addc2c6b:0x2678c2fa459a2025,null,null,null,"{""link"":"""",""source"":""""}","{""id"":"""",""name"":"""",""link"":""""}","{""borough"":"""",""street"":"""",""city"":"""",""postal_code"":"""",""state"":"""",""country"":""""}",null,null,null,
aD4Tad6vG7S2vr0P6MG3mA0,,Golspie Inn,,"Old Bank Rd, Golspie, KW10 6RS, United Kingdom",{},null,https://www.golspieinn.co.uk/,4.41409E+11,9C9RX2HP+9G,372,4.2,null,57.978491,-3.963729,,,,,,Europe/London,,0x488ff56dc8feb74b:0xbf8412e9a469b2bb,null,null,null,"{""link"":"""",""source"":""""}","{""id"":"""",""name"":"""",""link"":""""}","{""borough"":"""",""street"":"""",""city"":"""",""postal_code"":"""",""state"":"""",""country"":""""}",null,null,null,
aD4Tad6vG7S2vr0P6MG3mA0,,Co-op Food - Golspie - Main Street,,"Main St, Golspie, KW10 6RA, United Kingdom",{},null,https://www.coop.co.uk/store-finder/KW10-6RA/main-street?utm_source=gmb&utm_medium=organic&utm_campaign=gmb-Golspie-Golspie,4.41409E+11,9C9RX2FG+J3,24,4.5,null,57.974029,-3.974764,,,,,,Europe/London,,0x488ff5136a008651:0xddcd65a5b4795e19,null,null,null,"{""link"":"""",""source"":""""}","{""id"":"""",""name"":"""",""link"":""""}","{""borough"":"""",""street"":"""",""city"":"""",""postal_code"":"""",""state"":"""",""country"":""""}",null,null,null,
aD4Tad6vG7S2vr0P6MG3mA0,,The salt house,,"Main St, Golspie, KW10 6RA, United Kingdom",{},null,,,9C9RX2FG+F2,66,4.9,null,57.973729,-3.974982,,,,,,Europe/London,,0x488ff55f49516545:0x56d73ddb7e84520f,null,null,null,"{""link"":"""",""source"":""""}","{""id"":"""",""name"":"""",""link"":""""}","{""borough"":"""",""street"":"""",""city"":"""",""postal_code"":"""",""state"":"""",""country"":""""}",null,null,null,
aD4Tad6vG7S2vr0P6MG3mA0,,Mei's Food,,"Main St, Golspie, KW10 6TG, United Kingdom",{},null,,4.41409E+11,9C9RX2FF+CP,83,4.3,null,57.973506,-3.975626,,,,,,Europe/London,,0x488ff5136a008651:0xc70ae4876fd0c587,null,null,null,"{""link"":"""",""source"":""""}","{""id"":"""",""name"":"""",""link"":""""}","{""borough"":"""",""street"":"""",""city"":"""",""postal_code"":"""",""state"":"""",""country"":""""}",null,null,null,
aD4Tad6vG7S2vr0P6MG3mA0,,The Trawler Fish & Chips,,"Main St, Golspie, KW10 6TG, United Kingdom",{},null,https://www.thetrawlergolspie.co.uk/?utm_source=GBP.website&utm_medium=GBP&utm_campaign=br1308-website,4.41409E+11,9C9RX2FF+68,1173,4.4,null,57.97305,-3.976703,,,,,,Europe/London,,0x488ff5137f418f1f:0x3442f955f85a5865,null,null,null,"{""link"":"""",""source"":""""}","{""id"":"""",""name"":"""",""link"":""""}","{""borough"":"""",""street"":"""",""city"":"""",""postal_code"":"""",""state"":"""",""country"":""""}",null,null,null,
aD4Tad6vG7S2vr0P6MG3mA0,,The Fish Fryer,,"Gower Lane Cottage, Gower St Ln, Brora KW9 6NT, United Kingdom",{},null,,4.41409E+11,9CCR246W+CF,39,3.3,null,58.011059,-3.853804,,,,,,Europe/London,,0x48855fc7d86e4a0b:0xa583aaf8eeb5d55d,null,null,null,"{""link"":"""",""source"":""""}","{""id"":"""",""name"":"""",""link"":""""}","{""borough"":"""",""street"":"""",""city"":"""",""postal_code"":"""",""state"":"""",""country"":""""}",null,null,null,
aD4Tad6vG7S2vr0P6MG3mA0,,Sid's Spice,,"SId's Spice takeaway, Station Square, Brora KW9 6QJ, United Kingdom",{},null,https://www.sidspice.com/,4.41409E+11,9CCR247W+3R,427,4.6,null,58.012676,-3.852919,,,,,,Europe/London,,0x48855eec027b59e7:0x269769fd4ab86fae,null,null,null,"{""link"":"""",""source"":""""}","{""id"":"""",""name"":"""",""link"":""""}","{""borough"":"""",""street"":"""",""city"":"""",""postal_code"":"""",""state"":"""",""country"":""""}",null,null,null,
aD4Tad6vG7S2vr0P6MG3mA0,,Sids Street Food Takeaway PLUS sit in,,"Station Square, Brora, KW9 6QJ, United Kingdom",{},null,https://www.sidsstreetfood.com/,4.41409E+11,9CCR247W+4X,8,4,null,58.012792,-3.852547,,,,,,Europe/London,,0x488f8ff615ce4de3:0x60784eb9c90beaec,null,null,null,"{""link"":"""",""source"":""""}","{""id"":"""",""name"":"""",""link"":""""}","{""borough"":"""",""street"":"""",""city"":"""",""postal_code"":"""",""state"":"""",""country"":""""}",null,null,null,
aD4Tad6vG7S2vr0P6MG3mA0,,The Curing Yard Restaurant,,"7 Golf Rd, Brora, KW9 6QS, United Kingdom",{},null,https://www.royalmarinebrora.com/gather/the-curing-yard-restaurant?utm_source=google&utm_medium=local&utm_campaign=the-curing-yard,4.41409E+11,9CCR2562+VV,15,4.3,null,58.012144,-3.847778,,,,,,Europe/London,,0x48855fce3e89e2b9:0xba6fae24ae499d7d,null,null,null,"{""link"":"""",""source"":""""}","{""id"":"""",""name"":"""",""link"":""""}","{""borough"":"""",""street"":"""",""city"":"""",""postal_code"":"""",""state"":"""",""country"":""""}",null,null,null,
aD4Tad6vG7S2vr0P6MG3mA0,,Tall Pines,,"Milltown, Evelix, Dornoch IV25 3NG, United Kingdom",{},null,,4.41863E+11,9C9QVWQC+R9,187,4.2,null,57.88959,-4.079073,,,,,,Europe/London,,0x488f8c60bb51f063:0x33a17bf68f7cacbd,null,null,null,"{""link"":"""",""source"":""""}","{""id"":"""",""name"":"""",""link"":""""}","{""borough"":"""",""street"":"""",""city"":"""",""postal_code"":"""",""state"":"""",""country"":""""}",null,null,null,
aD4Tad6vG7S2vr0P6MG3mA0,,Surf and Turf,,"8 Castle St, Dornoch, IV25 3SR, United Kingdom",{},null,https://www.facebook.com/surfandturfhq/,4.41863E+11,9C9QVXJ8+6V,330,4.8,null,57.880574,-4.03284,,,,,,Europe/London,,0x488f8b222c8200d5:0x6bd1df28f5496977,null,null,null,"{""link"":"""",""source"":""""}","{""id"":"""",""name"":"""",""link"":""""}","{""borough"":"""",""street"":"""",""city"":"""",""postal_code"":"""",""state"":"""",""country"":""""}",null,null,null,
aD4Tad6vG7S2vr0P6MG3mA0,,Luigi,,"1 Castle St, Dornoch, IV25 3SN, United Kingdom",{},null,http://www.luigidornoch.com/,4.41863E+11,9C9QVXJ9+52,478,4.7,null,57.880478,-4.032394,,,,,,Europe/London,,0x488f8b92295f3235:0x28ee55a47eb50f3d,null,null,null,"{""link"":"""",""source"":""""}","{""id"":"""",""name"":"""",""link"":""""}","{""borough"":"""",""street"":"""",""city"":"""",""postal_code"":"""",""state"":"""",""country"":""""}",null,null,null,
aD4Tad6vG7S2vr0P6MG3mA0,,Sutherland House (Dornoch) Ltd,,"Argyle St, Dornoch, IV25 3LA, United Kingdom",{},null,,4.41863E+11,9C9QVXJF+23,37,4.4,null,57.880115,-4.027271,,,,,,Europe/London,,0x488f8b943d4c1cd5:0x2dad4dcf76c0403a,null,null,null,"{""link"":"""",""source"":""""}","{""id"":"""",""name"":"""",""link"":""""}","{""borough"":"""",""street"":"""",""city"":"""",""postal_code"":"""",""state"":"""",""country"":""""}",null,null,null,
aD4Tad6vG7S2vr0P6MG3mA0,,Crenshaw's Brasserie,,"The First Tee, Dornoch, IV25 3LG, United Kingdom",{},null,https://www.royalgolfhoteldornoch.com/gather/crenshaws-brasserie?utm_source=google&utm_medium=local&utm_campaign=crenshaws-brasserie,4.41863E+11,9C9QVXHG+QR,11,4.6,null,57.879484,-4.022918,,,,,,Europe/London,,0x488f8b6b6e989bd9:0x3243909845ff2fc8,null,null,null,"{""link"":"""",""source"":""""}","{""id"":"""",""name"":"""",""link"":""""}","{""borough"":"""",""street"":"""",""city"":"""",""postal_code"":"""",""state"":"""",""country"":""""}",null,null,null,
aD4Tad6vG7S2vr0P6MG3mA0,,Dornoch Castle Whisky Bar & Dining. Takeaway Pizza!,,"Castle St, Dornoch, IV25 3SD, United Kingdom",{},null,http://www.dornochcastlehotel.com/whisky,4.41863E+11,9C9QVXHC+W3,195,4.5,null,57.879798,-4.029764,,,,,,Europe/London,,0x488f8b93c3d70a33:0x18b7ccd74605a8da,null,null,null,"{""link"":"""",""source"":""""}","{""id"":"""",""name"":"""",""link"":""""}","{""borough"":"""",""street"":"""",""city"":"""",""postal_code"":"""",""state"":"""",""country"":""""}",null,null,null,
aD4Tad6vG7S2vr0P6MG3mA0,,Coach House Bar & Restaurant,,"Castle St, Dornoch, IV25 3SD, United Kingdom",{},null,https://www.coachhousedornoch.co.uk/,4.41863E+11,9C9QVXHF+R2,659,4.1,null,57.879597,-4.027408,,,,,,Europe/London,,0x488f8b922bec3eed:0xb6d6152a9e462512,null,null,null,"{""link"":"""",""source"":""""}","{""id"":"""",""name"":"""",""link"":""""}","{""borough"":"""",""street"":"""",""city"":"""",""postal_code"":"""",""state"":"""",""country"":""""}",null,null,null,
aD4Tad6vG7S2vr0P6MG3mA0,,The Oystercatcher,,"Main St, Portmahomack, Tain IV20 1YB, United Kingdom",{},null,https://www.the-oystercatcher.co.uk/,4.41863E+11,9C9RR5PF+Q2,110,4.7,null,57.836936,-3.827488,,,,,,Europe/London,,0x488563c089ed38f7:0xe4a1f54e854df76a,null,null,null,"{""link"":"""",""source"":""""}","{""id"":"""",""name"":"""",""link"":""""}","{""borough"":"""",""street"":"""",""city"":"""",""postal_code"":"""",""state"":"""",""country"":""""}",null,null,null,
aD4Tad6vG7S2vr0P6MG3mA0,,Tarbat Bistro,,"Portmahomack Golf Club, Tarbatness Rd, Portmahomack, Tain IV20 1YA, United Kingdom",{},null,,,9C9RR5PG+25,13,4.9,null,57.83509,-3.824616,,,,,,Europe/London,,0x4885635195f44b15:0x59bd336569e75d23,null,null,null,"{""link"":"""",""source"":""""}","{""id"":"""",""name"":"""",""link"":""""}","{""borough"":"""",""street"":"""",""city"":"""",""postal_code"":"""",""state"":"""",""country"":""""}",null,null,null,
aD4Tad6vG7S2vr0P6MG3mA0,,The Pier,,"A836, Lairg, IV27 4EG, United Kingdom",{},null,http://www.pier-cafe.co.uk/,4.41549E+11,9CCQ2HGW+X6,1540,4.8,null,58.027463,-4.404464,,,,,,Europe/London,,0x488fe9869f39e4c3:0x243f9a07bb6d24c9,null,null,null,"{""link"":"""",""source"":""""}","{""id"":"""",""name"":"""",""link"":""""}","{""borough"":"""",""street"":"""",""city"":"""",""postal_code"":"""",""state"":"""",""country"":""""}",null,null,null,
aD4Tad6vG7S2vr0P6MG3mA0,,Highland Food & Drink Club,,,{},null,https://www.highlandfoodanddrinkclub.com/?utm_source=google&utm_medium=local&utm_campaign=Google%20My%20Business,4.47779E+11,9C9QP8W7+R3,0,0,null,57.747022,-4.687306,,,,,,Europe/London,,0x488ff55077773301:0x6c63c88ee96bd516,null,null,null,"{""link"":"""",""source"":""""}","{""id"":"""",""name"":"""",""link"":""""}","{""borough"":"""",""street"":"""",""city"":"""",""postal_code"":"""",""state"":"""",""country"":""""}",null,null,null,
